family,load,policy,n_runs,mean_throughput_horizon,sd_throughput_horizon,ci95_low_throughput_horizon,ci95_high_throughput_horizon,mean_p95_wait_time,sd_p95_wait_time,ci95_low_p95_wait_time,ci95_high_p95_wait_time,mean_mean_wait_time,sd_mean_wait_time,ci95_low_mean_wait_time,ci95_high_mean_wait_time,mean_queued_at_horizon,sd_queued_at_horizon,ci95_low_queued_at_horizon,ci95_high_queued_at_horizon,mean_completion_ratio_horizon,sd_completion_ratio_horizon,ci95_low_completion_ratio_horizon,ci95_high_completion_ratio_horizon,mean_time_weighted_cpu_utilization,sd_time_weighted_cpu_utilization,ci95_low_time_weighted_cpu_utilization,ci95_high_time_weighted_cpu_utilization,mean_time_weighted_ram_utilization,sd_time_weighted_ram_utilization,ci95_low_time_weighted_ram_utilization,ci95_high_time_weighted_ram_utilization,mean_time_weighted_queue_length,sd_time_weighted_queue_length,ci95_low_time_weighted_queue_length,ci95_high_time_weighted_queue_length,mean_time_weighted_active_nodes,sd_time_weighted_active_nodes,ci95_low_time_weighted_active_nodes,ci95_high_time_weighted_active_nodes,mean_drained_throughput,sd_drained_throughput,ci95_low_drained_throughput,ci95_high_drained_throughput
adversarial,high,binpack,20,17.028000000,0.587784422,16.752908430,17.303091570,26.813194573,1.813895160,25.964265528,27.662123617,9.497754950,1.056327546,9.003378453,9.992131446,312.100000000,34.485542356,295.960269784,328.239730216,0.571052495,0.023896609,0.559868538,0.582236453,0.917865889,0.014169590,0.911234317,0.924497461,0.655336138,0.034342236,0.639263477,0.671408799,239.064234938,27.265454678,226.303609683,251.824860193,28.700936188,0.172562581,28.620174416,28.781697959,19.563567018,0.592062767,19.286473121,19.840660915
adversarial,high,hybrid,20,17.289000000,0.411644967,17.096344230,17.481655770,27.004603177,2.298972753,25.928650837,28.080555517,9.201089656,0.918648732,8.771148826,9.631030486,307.900000000,32.062274930,292.894393820,322.905606180,0.579779906,0.018665809,0.571044039,0.588515774,0.918251349,0.013461902,0.911950986,0.924551713,0.657841615,0.033081884,0.642358817,0.673324413,231.701693644,25.377427272,219.824692392,243.578694896,29.156005752,0.082565209,29.117364046,29.194647458,19.585690404,0.587982046,19.310506343,19.860874465
adversarial,high,spread,20,17.223000000,0.492737787,16.992391623,17.453608377,27.462596985,2.423561860,26.328335149,28.596858822,9.129738032,0.981842442,8.670221636,9.589254428,308.150000000,32.551618927,292.915373786,323.384626214,0.577580783,0.020967008,0.567767921,0.587393644,0.914982467,0.010069201,0.910269936,0.919694998,0.659146525,0.031267151,0.644513049,0.673780002,229.476405714,28.581818335,216.099703319,242.853108109,29.697957017,0.050672101,29.674241744,29.721672290,19.535110291,0.589588491,19.259174391,19.811046192
adversarial,high,tetris,20,17.658000000,0.523546610,17.412972651,17.903027349,27.529372298,3.044102720,26.104688408,28.954056189,8.357652422,0.670868529,8.043676294,8.671628551,307.150000000,24.773234708,295.555769564,318.744230436,0.591856319,0.010478705,0.586952135,0.596760504,0.910976703,0.005444665,0.908428521,0.913524884,0.664743226,0.033374674,0.649123398,0.680363054,205.717552517,20.231444047,196.248945486,215.186159547,29.378814526,0.063875865,29.348919701,29.408709350,19.488465608,0.568619022,19.222343721,19.754587495
adversarial,low,binpack,20,12.871000000,0.521999193,12.626696864,13.115303136,1.532166227,0.496529451,1.299783297,1.764549157,0.190357861,0.089068891,0.148672338,0.232043384,0.000000000,0.000000000,0.000000000,0.000000000,0.795718051,0.015294572,0.788559971,0.802876131,0.676491352,0.024169851,0.665179513,0.687803190,0.397130282,0.022017245,0.386825894,0.407434670,3.085048511,1.455606274,2.403803822,3.766293200,24.182878211,0.696348843,23.856976929,24.508779493,13.163779968,0.527904557,12.916713037,13.410846900
adversarial,low,hybrid,20,12.871000000,0.521999193,12.626696864,13.115303136,1.627157759,0.511581309,1.387730342,1.866585175,0.188160199,0.074585578,0.153253075,0.223067323,0.000000000,0.000000000,0.000000000,0.000000000,0.795718051,0.015294572,0.788559971,0.802876131,0.676491352,0.024169851,0.665179513,0.687803190,0.397130282,0.022017245,0.386825894,0.407434670,3.050038061,1.221180900,2.478507822,3.621568300,27.486855763,1.015303719,27.011679009,27.962032518,13.163779968,0.527904557,12.916713037,13.410846900
adversarial,low,spread,20,12.871000000,0.521999193,12.626696864,13.115303136,1.778429437,0.491262992,1.548511286,2.008347589,0.214304961,0.073553848,0.179880701,0.248729220,0.000000000,0.000000000,0.000000000,0.000000000,0.795718051,0.015294572,0.788559971,0.802876131,0.676491352,0.024169851,0.665179513,0.687803190,0.397130282,0.022017245,0.386825894,0.407434670,3.470778719,1.200224154,2.909056538,4.032500899,29.439007572,0.094082161,29.394975766,29.483039377,13.163779968,0.527904557,12.916713037,13.410846900
adversarial,low,tetris,20,12.871000000,0.521999193,12.626696864,13.115303136,2.097190304,0.526421787,1.850817331,2.343563278,0.260340236,0.089755180,0.218333520,0.302346952,0.000000000,0.000000000,0.000000000,0.000000000,0.795718051,0.015294572,0.788559971,0.802876131,0.676491352,0.024169851,0.665179513,0.687803190,0.397130282,0.022017245,0.386825894,0.407434670,4.233743209,1.508308557,3.527833094,4.939653325,28.677396563,0.305481968,28.534426604,28.820366521,13.163779968,0.527904557,12.916713037,13.410846900
adversarial,med,binpack,20,16.122000000,0.538336619,15.870050713,16.373949287,10.306154583,2.064691947,9.339849032,11.272460134,3.615238138,0.750248678,3.264110958,3.966365319,43.350000000,43.074323772,23.190596452,63.509403548,0.700147654,0.024627295,0.688621725,0.711673582,0.895592101,0.010511565,0.890672538,0.900511665,0.546798117,0.028989418,0.533230652,0.560365582,82.666847768,18.051599053,74.218439572,91.115255964,28.307287935,0.225466421,28.201766405,28.412809466,18.405485480,0.584262509,18.132042216,18.678928744
adversarial,med,hybrid,20,16.136000000,0.535147791,15.885543131,16.386456869,10.232070331,1.965906689,9.311997703,11.152142959,3.502650023,0.684778256,3.182163942,3.823136104,41.500000000,42.025681371,21.831376190,61.168623810,0.700728179,0.023667627,0.689651389,0.711804970,0.896820348,0.010184026,0.892054077,0.901586618,0.546783144,0.029204102,0.533115204,0.560451084,80.142816645,16.791744100,72.284038701,88.001594588,28.902807478,0.107334771,28.852573260,28.953041696,18.429653344,0.580472112,18.157984040,18.701322648
adversarial,med,spread,20,16.044000000,0.520509871,15.800393888,16.287606112,10.619501523,1.951702494,9.706076663,11.532926384,3.622388261,0.635317874,3.325050351,3.919726171,49.200000000,45.087750700,28.098283668,70.301716332,0.696741376,0.023304332,0.685834613,0.707648138,0.892265911,0.008514072,0.888281203,0.896250619,0.545983179,0.029314489,0.532263576,0.559702782,82.623363206,15.622168612,75.311963426,89.934762985,29.607344122,0.065873732,29.576514268,29.638173977,18.370360049,0.586463564,18.095886659,18.644833438
adversarial,med,tetris,20,15.940000000,0.506962056,15.702734460,16.177265540,10.969141164,1.903785258,10.078142260,11.860140068,3.612247667,0.605517322,3.328856845,3.895638490,54.900000000,45.925454472,33.406226245,76.393773755,0.692215439,0.022259810,0.681797528,0.702633351,0.885422020,0.004746836,0.883200432,0.887643608,0.542360416,0.027689646,0.529401263,0.555319569,82.223708218,14.854124749,75.271764022,89.175652415,29.192458883,0.083038624,29.153595612,29.231322155,18.308792511,0.537445949,18.057260071,18.560324951
balanced,high,binpack,20,19.009000000,0.676040329,18.692603395,19.325396605,17.396032656,2.230742109,16.352013239,18.440052073,6.419011574,1.158855501,5.876650519,6.961372630,308.000000000,48.175119152,285.453350792,330.546649208,0.637320950,0.022989571,0.626561500,0.648080400,0.892681575,0.015448697,0.885451362,0.899911787,0.525265742,0.030050196,0.511201818,0.539329666,143.772502931,25.986483299,131.610454691,155.934551170,27.935657178,0.233648314,27.826306404,28.045007953,19.049549172,0.640508418,18.749782013,19.349316332
balanced,high,hybrid,20,19.076000000,0.633705892,18.779416521,19.372583479,17.611240681,2.160911336,16.599903071,18.622578291,6.332397913,1.079871496,5.827002509,6.837793317,303.550000000,45.635252994,282.192044714,324.907955286,0.639553432,0.021184376,0.629638839,0.649468025,0.890481384,0.014529482,0.883681377,0.897281391,0.523949485,0.029450512,0.510166221,0.537732748,140.854211957,23.804502317,129.713362224,151.995061689,28.408855748,0.262542798,28.285981940,28.531729557,19.003407910,0.612288328,18.716848160,19.289967661
balanced,high,spread,20,19.091000000,0.657218221,18.783412413,19.398587587,17.823137039,2.105678468,16.837649206,18.808624872,6.302679533,1.106781135,5.784690031,6.820669035,302.250000000,44.729449854,281.315973621,323.184026379,0.640023903,0.020971826,0.630208787,0.649839020,0.890261505,0.014269391,0.883583225,0.896939785,0.523821503,0.029430091,0.510047797,0.537595210,140.199615350,24.328731752,128.813418696,151.585812003,29.686789948,0.055106028,29.660999533,29.712580362,18.981869355,0.609192705,18.696758400,19.266980310
balanced,high,tetris,20,19.099000000,0.672981583,18.784034932,19.413965068,17.540052447,1.955225824,16.624978617,18.455126277,6.321784849,1.075949532,5.818224981,6.825344717,302.150000000,43.184152795,281.939194888,322.360805112,0.640263736,0.020618932,0.630613779,0.649913693,0.889899705,0.013928167,0.883381122,0.896418288,0.523632348,0.029765504,0.509701664,0.537563032,140.300547406,23.406450492,129.345991657,151.255103155,29.153895598,0.581294407,28.881841449,29.425949748,18.973784957,0.618269677,18.684425849,19.263144066
balanced,low,binpack,20,12.871000000,0.521999193,12.626696864,13.115303136,0.000000000,0.000000000,0.000000000,0.000000000,0.000289761,0.000982081,-0.000169867,0.000749388,0.000000000,0.000000000,0.000000000,0.000000000,0.795718051,0.015294572,0.788559971,0.802876131,0.632060604,0.023202516,0.621201493,0.642919715,0.371727063,0.021512056,0.361659111,0.381795015,0.005085839,0.017253300,-0.002988954,0.013160632,21.987126940,1.071548340,21.485626893,22.488626988,13.163779968,0.527904557,12.916713037,13.410846900
balanced,low,hybrid,20,12.871000000,0.521999193,12.626696864,13.115303136,0.000000000,0.000000000,0.000000000,0.000000000,0.000634779,0.002141375,-0.000367416,0.001636973,0.000000000,0.000000000,0.000000000,0.000000000,0.795718051,0.015294572,0.788559971,0.802876131,0.632030622,0.023149118,0.621196502,0.642864743,0.371710665,0.021514525,0.361641557,0.381779772,0.011141174,0.037618464,-0.006464808,0.028747157,26.559110406,0.955442617,26.111949508,27.006271303,13.163779968,0.527904557,12.916713037,13.410846900
balanced,low,spread,20,12.871000000,0.521999193,12.626696864,13.115303136,0.000000000,0.000000000,0.000000000,0.000000000,0.000678616,0.002414300,-0.000451311,0.001808543,0.000000000,0.000000000,0.000000000,0.000000000,0.795718051,0.015294572,0.788559971,0.802876131,0.632024466,0.023139672,0.621194766,0.642854165,0.371704971,0.021472020,0.361655756,0.381754186,0.011877480,0.042217827,-0.007881070,0.031636031,29.411974876,0.103675954,29.363453037,29.460496715,13.163779968,0.527904557,12.916713037,13.410846900
balanced,low,tetris,20,12.871000000,0.521999193,12.626696864,13.115303136,0.000000000,0.000000000,0.000000000,0.000000000,0.000677588,0.002413239,-0.000451842,0.001807019,0.000000000,0.000000000,0.000000000,0.000000000,0.795718051,0.015294572,0.788559971,0.802876131,0.632022955,0.023136941,0.621194533,0.642851376,0.371704180,0.021472797,0.361654602,0.381753758,0.011859411,0.042199060,-0.007890357,0.031609178,28.347425429,1.159534806,27.804746449,28.890104409,13.163779968,0.527904557,12.916713037,13.410846900
balanced,med,binpack,20,17.739000000,0.638632585,17.440110757,18.037889243,3.404200253,1.839246763,2.543406294,4.264994213,0.905707919,0.508689368,0.667633972,1.143781865,44.650000000,30.975839481,30.152861249,59.147138751,0.770109408,0.020497588,0.760516242,0.779702574,0.861185597,0.017581403,0.852957247,0.869413946,0.506805949,0.030813323,0.492384871,0.521227028,19.484623415,10.757896310,14.449773091,24.519473740,27.204750213,0.367043874,27.032968396,27.376532029,17.961795151,0.567984976,17.695970007,18.227620296
balanced,med,hybrid,20,17.664000000,0.603170570,17.381707491,17.946292509,3.869099166,2.014125033,2.926459659,4.811738673,1.029720420,0.490721395,0.800055744,1.259385096,48.300000000,28.137070509,35.131445990,61.468554010,0.766858666,0.018584883,0.758160673,0.775556659,0.855567362,0.015772382,0.848185660,0.862949063,0.503455497,0.029585566,0.489609026,0.517301967,22.103067386,10.360333641,17.254282113,26.951852659,27.904695694,0.354656201,27.738711487,28.070679901,17.863861077,0.516912537,17.621938570,18.105783585
balanced,med,spread,20,17.669000000,0.610693307,17.383186742,17.954813258,3.734755177,1.801419483,2.891664928,4.577845425,1.022145929,0.483970435,0.795640799,1.248651059,48.250000000,28.620704688,34.855098232,61.644901768,0.767065974,0.018649110,0.758337922,0.775794026,0.855896273,0.015394643,0.848691358,0.863101187,0.503643786,0.029447156,0.489862093,0.517425479,21.925080407,10.208740461,17.147242924,26.702917890,29.592472187,0.069677412,29.559862155,29.625082219,17.857992041,0.524007178,17.612749140,18.103234943
balanced,med,tetris,20,17.666000000,0.615795592,17.377798799,17.954201201,3.779714336,1.857086804,2.910570981,4.648857692,1.026034194,0.488786937,0.797274872,1.254793516,47.950000000,28.314911452,34.698213869,61.201786131,0.766923411,0.018439614,0.758293406,0.775553416,0.855801422,0.015559980,0.848519127,0.863083716,0.503589334,0.029505261,0.489780447,0.517398221,22.005617017,10.294935657,17.187438941,26.823795092,28.880558594,0.774443153,28.518108051,29.243009137,17.854939396,0.539513266,17.602439421,18.107439370
bimodal,high,binpack,20,20.671000000,0.694140134,20.346132425,20.995867575,16.690932638,2.632486411,15.458891105,17.922974171,4.220179646,0.671540509,3.905889021,4.534470270,196.450000000,27.184506036,183.727259874,209.172740126,0.692777785,0.013251284,0.686575993,0.698979576,0.909378485,0.009504135,0.904930413,0.913826557,0.621958678,0.036549301,0.604853079,0.639064277,98.048969108,16.564050844,90.296754886,105.801183330,27.942440916,0.292057192,27.805753946,28.079127886,19.275184296,0.529999572,19.027136867,19.523231724
bimodal,high,hybrid,20,20.740000000,0.700826580,20.412003073,21.067996927,16.931700685,2.864732066,15.590964843,18.272436527,4.080952783,0.623955128,3.788932802,4.372972765,192.800000000,26.896683419,180.211965002,205.388034998,0.695075678,0.012714161,0.689125268,0.701026088,0.909837810,0.009251221,0.905508105,0.914167514,0.624487147,0.034376362,0.608398515,0.640575779,94.194303986,15.179386367,87.090132670,101.298475302,28.876599210,0.294123595,28.738945133,29.014253286,19.214469392,0.589211317,18.938710014,19.490228770
bimodal,high,spread,20,20.721000000,0.709647058,20.388874962,21.053125038,16.824561599,2.756682966,15.534394290,18.114728907,4.140316552,0.632583017,3.844258595,4.436374510,194.000000000,25.835512076,181.908608466,206.091391534,0.694434882,0.012896304,0.688399226,0.700470538,0.910177308,0.008511606,0.906193754,0.914160862,0.623897802,0.033820110,0.608069504,0.639726100,95.966667163,15.434201312,88.743238785,103.190095541,29.689940920,0.054380502,29.664490062,29.715391778,19.230932360,0.527086671,18.984248211,19.477616509
bimodal,high,tetris,20,20.799000000,0.727518493,20.458510873,21.139489127,17.309386883,3.032252214,15.890249200,18.728524566,4.005818406,0.573353345,3.737480787,4.274156024,190.950000000,23.756384183,179.831670247,202.068329753,0.697017034,0.012022277,0.691390435,0.702643633,0.909406431,0.009719456,0.904857586,0.913955276,0.626591410,0.033951430,0.610701652,0.642481168,92.108582098,13.882399599,85.611419259,98.605744937,29.224762641,0.200956465,29.130712123,29.318813160,19.226630062,0.587935569,18.951467753,19.501792371
bimodal,low,binpack,20,12.871000000,0.521999193,12.626696864,13.115303136,0.000000000,0.000000000,0.000000000,0.000000000,0.000450785,0.001555204,-0.000277072,0.001178643,0.100000000,0.447213595,-0.109302400,0.309302400,0.795718051,0.015294572,0.788559971,0.802876131,0.632576355,0.020583641,0.622942915,0.642209796,0.371564931,0.023572557,0.360532635,0.382597227,0.007676509,0.026330847,-0.004646707,0.019999724,22.120243899,1.007622805,21.648661923,22.591825876,13.161636793,0.523418205,12.916669539,13.406604047
bimodal,low,hybrid,20,12.871000000,0.521999193,12.626696864,13.115303136,0.000000000,0.000000000,0.000000000,0.000000000,0.000811875,0.002500411,-0.000358353,0.001982103,0.150000000,0.489360485,-0.079027751,0.379027751,0.795718051,0.015294572,0.788559971,0.802876131,0.632522683,0.020497414,0.622929598,0.642115767,0.371557504,0.023562916,0.360529720,0.382585288,0.013870342,0.042711761,-0.006119377,0.033860061,27.732898331,0.654953938,27.426370460,28.039426202,13.163779968,0.527904557,12.916713037,13.410846900
bimodal,low,spread,20,12.871000000,0.521999193,12.626696864,13.115303136,0.000000000,0.000000000,0.000000000,0.000000000,0.000696270,0.002242880,-0.000353430,0.001745970,0.000000000,0.000000000,0.000000000,0.000000000,0.795718051,0.015294572,0.788559971,0.802876131,0.632537996,0.020530741,0.622929314,0.642146679,0.371557803,0.023554171,0.360534112,0.382581494,0.012195413,0.039254507,-0.006176262,0.030567087,29.419950463,0.102904533,29.371789660,29.468111265,13.163779968,0.527904557,12.916713037,13.410846900
bimodal,low,tetris,20,12.871000000,0.521999193,12.626696864,13.115303136,0.000000000,0.000000000,0.000000000,0.000000000,0.000820371,0.002505972,-0.000352460,0.001993202,0.150000000,0.489360485,-0.079027751,0.379027751,0.795718051,0.015294572,0.788559971,0.802876131,0.632521601,0.020494704,0.622929784,0.642113417,0.371557216,0.023563262,0.360529270,0.382585162,0.014007028,0.042811504,-0.006029373,0.034043428,28.592125889,0.366302392,28.420691097,28.763560681,13.161636793,0.523418205,12.916669539,13.406604047
bimodal,med,binpack,20,18.002000000,0.639766405,17.702580114,18.301419886,3.178838060,1.655931893,2.403838098,3.953838022,0.543291648,0.277241512,0.413538629,0.673044666,25.700000000,21.253111227,15.753238023,35.646761977,0.781414898,0.014998459,0.774395403,0.788434392,0.863471870,0.015359054,0.856283612,0.870660129,0.523791124,0.028738756,0.510340972,0.537241276,11.567504049,5.690300165,8.904361664,14.230646433,27.223277449,0.382041966,27.044476310,27.402078588,17.958992950,0.592144415,17.681860840,18.236125059
bimodal,med,hybrid,20,17.990000000,0.643886227,17.688651977,18.291348023,3.154759141,1.379626830,2.509073926,3.800444357,0.556834018,0.251908375,0.438937273,0.674730764,25.800000000,19.408625321,16.716483977,34.883516023,0.780871099,0.013991078,0.774323073,0.787419125,0.862143398,0.015326362,0.854970440,0.869316356,0.523679022,0.028763598,0.510217244,0.537140800,11.873673283,5.149436011,9.463663107,14.283683458,28.591497034,0.407482754,28.400789240,28.782204828,17.942876146,0.527989480,17.695769470,18.189982823
bimodal,med,spread,20,17.984000000,0.662486544,17.673946761,18.294053239,3.458979685,1.667179952,2.678715470,4.239243900,0.582708020,0.267982961,0.457288137,0.708127903,27.250000000,20.652194990,17.584475472,36.915524528,0.780603549,0.015232413,0.773474561,0.787732538,0.860341194,0.016343117,0.852692380,0.867990008,0.523502677,0.029122340,0.509873003,0.537132351,12.356620328,5.412139311,9.823661227,14.889579429,29.595864653,0.067390489,29.564324934,29.627404372,17.874489822,0.595593307,17.595743581,18.153236063
bimodal,med,tetris,20,17.948000000,0.652167237,17.642776346,18.253223654,3.563269611,1.548219153,2.838680762,4.287858460,0.614369029,0.262102596,0.491701241,0.737036817,28.250000000,20.544880269,18.634700306,37.865299694,0.779047763,0.014847001,0.772099152,0.785996373,0.858887106,0.015876208,0.851456812,0.866317399,0.523007435,0.029128626,0.509374819,0.536640052,13.056739122,5.322990369,10.565503009,15.547975236,29.032071571,0.253160615,28.913588759,29.150554383,17.882701017,0.605556065,17.599292062,18.166109971
cpu_heavy,high,binpack,20,13.141000000,0.429809015,12.939843194,13.342156806,18.206045357,2.682453262,16.950618618,19.461472096,5.816284161,1.005189205,5.345841144,6.286727177,193.000000000,30.442352769,178.752540709,207.247459291,0.648995787,0.020260815,0.639513434,0.658478139,0.898970838,0.007299526,0.895554555,0.902387121,0.193023297,0.010905629,0.187919306,0.198127289,88.339492415,15.540359195,81.066380620,95.612604210,27.913215296,0.219624307,27.810427959,28.016002633,12.955293343,0.404194516,12.766124492,13.144462195
cpu_heavy,high,hybrid,20,13.145000000,0.430464865,12.943536247,13.346463753,18.800763925,2.877066249,17.454255508,20.147272343,5.830171135,0.976219618,5.373286302,6.287055969,192.100000000,29.069607931,178.495005053,205.704994947,0.649141963,0.018465283,0.640499945,0.657783982,0.893392584,0.007962130,0.889666193,0.897118976,0.192661806,0.011175825,0.187431359,0.197892253,87.777761211,14.466818092,81.007082105,94.548440317,29.231963919,0.266969365,29.107018414,29.356909425,12.916112377,0.424984096,12.717213702,13.115011051
cpu_heavy,high,spread,20,13.181000000,0.393872809,12.996661856,13.365338144,18.867539817,2.706919486,17.600662534,20.134417101,5.770995063,0.956210857,5.323474618,6.218515508,190.200000000,30.500388263,175.925379262,204.474620738,0.651003032,0.019395401,0.641925705,0.660080359,0.895590409,0.007503904,0.892078474,0.899102344,0.192881698,0.011164287,0.187656651,0.198106745,87.162316455,14.503271053,80.374576839,93.950056072,29.536941954,0.078770754,29.500076108,29.573807801,12.908163821,0.390976931,12.725180989,13.091146652
cpu_heavy,high,tetris,20,13.163000000,0.414438110,12.969036999,13.356963001,19.185465475,2.867276096,17.843538989,20.527391960,5.816054713,0.959038980,5.367210666,6.264898761,191.400000000,28.823236240,177.910310551,204.889689449,0.650042370,0.017851135,0.641687782,0.658396958,0.892924179,0.007777088,0.889284390,0.896563968,0.192823891,0.011607293,0.187391511,0.198256271,87.629145958,14.134565203,81.013965987,94.244325930,29.357459280,0.233051844,29.248387662,29.466530897,12.892896241,0.398114262,12.706573036,13.079219446
cpu_heavy,low,binpack,20,8.571000000,0.430543109,8.369499628,8.772500372,0.000000000,0.000000000,0.000000000,0.000000000,0.000014176,0.000063398,-0.000015495,0.000043848,0.000000000,0.000000000,0.000000000,0.000000000,0.792995537,0.016402242,0.785319052,0.800672022,0.627472255,0.026177038,0.615221024,0.639723485,0.129876665,0.008317460,0.125983974,0.133769356,0.000158775,0.000710061,-0.000173544,0.000491093,22.036355871,0.939884491,21.596476401,22.476235342,8.844065607,0.441289468,8.637535784,9.050595430
cpu_heavy,low,hybrid,20,8.571000000,0.430543109,8.369499628,8.772500372,0.000000000,0.000000000,0.000000000,0.000000000,0.001350570,0.002577464,0.000144280,0.002556860,0.000000000,0.000000000,0.000000000,0.000000000,0.792995537,0.016402242,0.785319052,0.800672022,0.627444142,0.026169107,0.615196623,0.639691661,0.129872452,0.008315645,0.125980611,0.133764294,0.014901767,0.028691381,0.001473788,0.028329746,28.550321891,0.516944657,28.308384350,28.792259432,8.844065607,0.441289468,8.637535784,9.050595430
cpu_heavy,low,spread,20,8.571000000,0.430543109,8.369499628,8.772500372,0.000000000,0.000000000,0.000000000,0.000000000,0.000857587,0.002233341,-0.000187649,0.001902822,0.000000000,0.000000000,0.000000000,0.000000000,0.792995537,0.016402242,0.785319052,0.800672022,0.627472255,0.026177038,0.615221024,0.639723485,0.129876665,0.008317460,0.125983974,0.133769356,0.009529391,0.024911318,-0.002129464,0.021188247,29.143764734,0.142096861,29.077261358,29.210268111,8.844065607,0.441289468,8.637535784,9.050595430
cpu_heavy,low,tetris,20,8.571000000,0.430543109,8.369499628,8.772500372,0.000000000,0.000000000,0.000000000,0.000000000,0.001438052,0.002663822,0.000191345,0.002684759,0.000000000,0.000000000,0.000000000,0.000000000,0.792995537,0.016402242,0.785319052,0.800672022,0.627444349,0.026171543,0.615195691,0.639693008,0.129872534,0.008316859,0.125980124,0.133764944,0.015886571,0.029761490,0.001957765,0.029815376,28.782668370,0.443937987,28.574899002,28.990437738,8.844065607,0.441289468,8.637535784,9.050595430
cpu_heavy,med,binpack,20,11.999000000,0.435115230,11.795359809,12.202640191,3.896840506,1.982333319,2.969079979,4.824601034,0.891070667,0.492788895,0.660438371,1.121702963,29.300000000,23.548605948,18.278913452,40.321086548,0.768785616,0.025392631,0.756901499,0.780669733,0.857354872,0.017477427,0.849175185,0.865534560,0.178961593,0.011460995,0.173597682,0.184325503,12.876898731,6.706516281,9.738152576,16.015644885,27.197128389,0.295322616,27.058913154,27.335343624,12.112450801,0.429573857,11.911404053,12.313497550
cpu_heavy,med,hybrid,20,11.924000000,0.421256267,11.726846004,12.121153996,4.898665781,2.373642125,3.787767100,6.009564463,1.081658932,0.523228934,0.836780260,1.326537604,33.250000000,21.717989148,23.085668464,43.414331536,0.763954682,0.023717893,0.752854367,0.775054998,0.849965551,0.015338819,0.842786763,0.857144339,0.177854168,0.011300924,0.172565173,0.183143163,15.615492687,7.295664027,12.201016906,19.029968467,28.990427145,0.349159556,28.827015448,29.153838843,12.009153317,0.422585033,11.811377439,12.206929195
cpu_heavy,med,spread,20,11.968000000,0.437042693,11.763457729,12.172542271,4.478811555,2.136226966,3.479026586,5.478596525,0.971599816,0.493914831,0.740440565,1.202759067,30.550000000,23.414963727,19.591459935,41.508540065,0.766799944,0.025475130,0.754877216,0.778722671,0.853841267,0.017863289,0.845480991,0.862201544,0.178581519,0.011431913,0.173231219,0.183931818,14.017900367,6.756838102,10.855602876,17.180197859,29.403507959,0.102055200,29.355744656,29.451271261,12.020269306,0.434377424,11.816974419,12.223564193
cpu_heavy,med,tetris,20,11.924000000,0.431135587,11.722222339,12.125777661,5.082463169,2.553291210,3.887486130,6.277440208,1.074203310,0.512366064,0.834408617,1.313998003,33.350000000,22.029346456,23.039948763,43.660051237,0.763937663,0.023827392,0.752786100,0.775089226,0.849315789,0.016368328,0.841655176,0.856976402,0.177842953,0.011447104,0.172485543,0.183200362,15.433052320,7.011975654,12.151346781,18.714757858,29.149060882,0.308064389,29.004882314,29.293239451,11.984387907,0.437226867,11.779759440,12.189016374
drift,high,binpack,20,15.149000000,0.573244689,14.880713234,15.417286766,21.794335108,1.711551653,20.993304298,22.595365918,12.057061192,1.016500113,11.581324508,12.532797877,479.300000000,52.341087815,454.803617492,503.796382508,0.507924267,0.019841281,0.498638262,0.517210272,0.930148390,0.004838280,0.927884005,0.932412774,0.296511721,0.027512883,0.283635295,0.309388146,269.855204421,22.826349580,259.172144249,280.538264592,28.571399342,0.139299286,28.506205271,28.636593413,18.080523812,0.482553753,17.854681709,18.306365914
drift,high,hybrid,20,15.796000000,0.723983134,15.457165472,16.134834528,21.860757970,1.670025787,21.079161863,22.642354077,11.180487750,1.223660676,10.607796939,11.753178560,448.650000000,60.342247573,420.408959554,476.891040446,0.529695220,0.026697978,0.517200182,0.542190258,0.928973768,0.004762388,0.926744902,0.931202634,0.323463249,0.031554814,0.308695142,0.338231356,251.783102270,26.070989679,239.581503827,263.984700712,29.469189903,0.177589500,29.386075460,29.552304345,18.332869677,0.572002371,18.065164334,18.600575020
drift,high,spread,20,15.583000000,0.636744186,15.284994556,15.881005444,21.741559566,1.750034897,20.922518044,22.560601088,11.448334866,1.164232529,10.903457285,11.993212448,460.200000000,61.213689559,431.551112161,488.848887839,0.522538204,0.023412531,0.511580802,0.533495606,0.929477972,0.004868679,0.927199360,0.931756584,0.315964660,0.031535217,0.301205724,0.330723595,257.637399840,25.314155435,245.790010717,269.484788962,29.688385090,0.054003029,29.663110895,29.713659285,18.282349031,0.509480708,18.043904726,18.520793336
drift,high,tetris,20,15.959000000,0.702131342,15.630392425,16.287607575,21.964724556,1.892165260,21.079163978,22.850285134,11.020583125,1.148262774,10.483179619,11.557986632,438.900000000,59.633882986,410.990484377,466.809515623,0.535140156,0.025434469,0.523236458,0.547043853,0.927747202,0.004681901,0.925556005,0.929938398,0.329630832,0.033237297,0.314075299,0.345186365,249.203823448,25.775670973,237.140438411,261.267208485,29.554817356,0.159482172,29.480177404,29.629457308,18.411395057,0.569702400,18.144766133,18.678023981
drift,low,binpack,20,12.871000000,0.521999193,12.626696864,13.115303136,1.885220645,1.056183935,1.390911361,2.379529930,0.291225607,0.140503123,0.225468123,0.356983091,0.000000000,0.000000000,0.000000000,0.000000000,0.795718051,0.015294572,0.788559971,0.802876131,0.667257994,0.024614567,0.655738023,0.678777966,0.349713815,0.021195421,0.339794053,0.359633577,4.757693580,2.376094976,3.645646929,5.869740231,25.027388785,0.543446205,24.773048138,25.281729431,13.163779968,0.527904557,12.916713037,13.410846900
drift,low,hybrid,20,12.871000000,0.521999193,12.626696864,13.115303136,2.290315423,1.292514645,1.685399964,2.895230881,0.346530007,0.148457743,0.277049647,0.416010368,0.000000000,0.000000000,0.000000000,0.000000000,0.795718051,0.015294572,0.788559971,0.802876131,0.667257994,0.024614567,0.655738023,0.678777966,0.349713815,0.021195421,0.339794053,0.359633577,5.655994392,2.515728161,4.478597400,6.833391383,28.095325335,1.080890674,27.589452941,28.601197729,13.163779968,0.527904557,12.916713037,13.410846900
drift,low,spread,20,12.871000000,0.521999193,12.626696864,13.115303136,2.082654000,1.208259826,1.517171009,2.648136991,0.312940373,0.140505451,0.247181799,0.378698947,0.000000000,0.000000000,0.000000000,0.000000000,0.795718051,0.015294572,0.788559971,0.802876131,0.667257994,0.024614567,0.655738023,0.678777966,0.349713815,0.021195421,0.339794053,0.359633577,5.107887777,2.379362952,3.994311666,6.221463888,29.425192597,0.103531281,29.376738467,29.473646727,13.163779968,0.527904557,12.916713037,13.410846900
drift,low,tetris,20,12.871000000,0.521999193,12.626696864,13.115303136,2.333963474,1.383049365,1.686676463,2.981250485,0.351893504,0.149906456,0.281735125,0.422051883,0.000000000,0.000000000,0.000000000,0.000000000,0.795718051,0.015294572,0.788559971,0.802876131,0.667257994,0.024614567,0.655738023,0.678777966,0.349713815,0.021195421,0.339794053,0.359633577,5.736518732,2.509499988,4.562036615,6.911000848,28.874820059,0.663668588,28.564213607,29.185426511,13.163779968,0.527904557,12.916713037,13.410846900
drift,med,binpack,20,15.435000000,0.678415336,15.117491857,15.752508143,10.546708394,1.625891559,9.785767741,11.307649047,4.720509581,0.954864976,4.273619028,5.167400134,114.950000000,45.749288174,93.538674608,136.361325392,0.670683958,0.038132370,0.652837460,0.688530456,0.881271137,0.010667290,0.876278691,0.886263582,0.386369648,0.031073306,0.371826894,0.400912403,102.308505258,20.981494943,92.488863612,112.128146904,28.151057885,0.182473602,28.065657613,28.236458157,17.183614313,0.394744985,16.998867978,17.368360648
drift,med,hybrid,20,15.723000000,0.715961628,15.387919652,16.058080348,11.206527107,2.045834347,10.249047184,12.164007029,4.359378492,0.911101520,3.932969866,4.785787118,101.100000000,44.910319996,80.081323792,122.118676208,0.683093543,0.037742019,0.665429735,0.700757351,0.883737029,0.010299533,0.878916699,0.888557358,0.396296208,0.034391719,0.380200388,0.412392028,94.859430125,20.009591283,85.494653382,104.224206868,29.314527836,0.232115070,29.205894642,29.423161030,17.295546202,0.462066922,17.079292232,17.511800173
drift,med,spread,20,15.572000000,0.706999591,15.241114015,15.902885985,10.980702548,1.738669241,10.166980316,11.794424779,4.480973080,0.963713092,4.029941480,4.932004679,106.300000000,48.289804961,83.699676183,128.900323817,0.676696660,0.040320607,0.657826036,0.695567285,0.883539395,0.011076655,0.878355362,0.888723429,0.393803709,0.032398131,0.378640917,0.408966501,97.542448590,21.259238868,87.592818789,107.492078391,29.597566914,0.067326875,29.566056967,29.629076861,17.270017334,0.432780235,17.067469954,17.472564714
drift,med,tetris,20,15.717000000,0.755729693,15.363307626,16.070692374,11.566162304,2.310791723,10.484678516,12.647646093,4.359021115,0.976179935,3.902154854,4.815887376,99.700000000,47.469768773,77.483464922,121.916535078,0.682856371,0.039607251,0.664319608,0.701393135,0.883694265,0.009931349,0.879046250,0.888342279,0.398017674,0.037049984,0.380677748,0.415357599,94.999517405,21.249462006,85.054463316,104.944571494,29.432723618,0.205897983,29.336360398,29.529086838,17.337718951,0.490330037,17.108237436,17.567200466
pred_error,high,binpack,20,13.799000000,0.488799819,13.570234649,14.027765351,18.803294546,2.922674735,17.435440701,20.171148392,5.688252153,1.046078942,5.198672150,6.177832156,195.200000000,32.877123706,179.813032864,210.586967136,0.653405973,0.022623695,0.642817758,0.663994188,0.900969218,0.006261125,0.898038921,0.903899514,0.226604315,0.014492764,0.219821492,0.233387137,90.363221211,17.017508804,82.398782137,98.327660285,27.945999317,0.202976279,27.851003497,28.040995137,13.502779116,0.340010835,13.343649151,13.661909081
pred_error,high,hybrid,20,13.803000000,0.457005125,13.589115023,14.016884977,19.413517802,2.979670932,18.018988916,20.808046689,5.680804601,1.030569082,5.198483436,6.163125765,195.900000000,33.102551977,180.407529188,211.392470812,0.653638932,0.022406392,0.643152418,0.664125446,0.897056309,0.006459878,0.894032993,0.900079625,0.226629885,0.013984867,0.220084767,0.233175004,89.847435370,16.432491962,82.156792599,97.538078142,29.201987554,0.242005746,29.088725381,29.315249726,13.439830974,0.369046604,13.267111851,13.612550097
pred_error,high,spread,20,13.765000000,0.470201525,13.544938918,13.985061082,19.089655971,3.113735904,17.632382748,20.546929194,5.682437760,1.019788124,5.205162239,6.159713281,196.950000000,33.031842691,181.490622152,212.409377848,0.651813358,0.022232499,0.641408228,0.662218488,0.898988743,0.005909212,0.896223146,0.901754339,0.226214747,0.014289232,0.219527181,0.232902313,90.095410907,16.581665469,82.334952787,97.855869027,29.559578163,0.078276914,29.522943441,29.596212885,13.477844305,0.389828893,13.295398772,13.660289839
pred_error,high,tetris,20,13.795000000,0.467146996,13.576368482,14.013631518,19.594766398,2.832881628,18.268937019,20.920595777,5.697699836,1.040440215,5.210758839,6.184640832,195.350000000,34.397483078,179.251482793,211.448517207,0.653258915,0.022780156,0.642597474,0.663920356,0.896288006,0.006570142,0.893213085,0.899362927,0.226439032,0.014281195,0.219755227,0.233122837,90.042880324,16.738291574,82.209118932,97.876641715,29.360051882,0.239679254,29.247878541,29.472225223,13.426301417,0.373889807,13.251315605,13.601287229
pred_error,low,binpack,20,8.947000000,0.434815145,8.743500253,9.150499747,0.000000000,0.000000000,0.000000000,0.000000000,0.000000000,0.000000000,0.000000000,0.000000000,0.000000000,0.000000000,0.000000000,0.000000000,0.792878457,0.013507293,0.786556849,0.799200064,0.627309455,0.026202163,0.615046466,0.639572444,0.151381375,0.009935627,0.146731359,0.156031391,0.000000000,0.000000000,0.000000000,0.000000000,22.019224635,1.043167277,21.531007334,22.507441936,9.219840412,0.432495565,9.017426262,9.422254562
pred_error,low,hybrid,20,8.947000000,0.434815145,8.743500253,9.150499747,0.000000000,0.000000000,0.000000000,0.000000000,0.000559576,0.001552772,-0.000167144,0.001286296,0.000000000,0.000000000,0.000000000,0.000000000,0.792878457,0.013507293,0.786556849,0.799200064,0.627305107,0.026200924,0.615042697,0.639567517,0.151380723,0.009935276,0.146730871,0.156030575,0.006409140,0.017936165,-0.001985243,0.014803523,28.458265776,0.514820397,28.217322420,28.699209132,9.219840412,0.432495565,9.017426262,9.422254562
pred_error,low,spread,20,8.947000000,0.434815145,8.743500253,9.150499747,0.000000000,0.000000000,0.000000000,0.000000000,0.000009806,0.000043853,-0.000010718,0.000030330,0.000000000,0.000000000,0.000000000,0.000000000,0.792878457,0.013507293,0.786556849,0.799200064,0.627309455,0.026202163,0.615046466,0.639572444,0.151381375,0.009935627,0.146731359,0.156031391,0.000113747,0.000508692,-0.000124328,0.000351822,29.183259750,0.146646563,29.114627047,29.251892452,9.219840412,0.432495565,9.017426262,9.422254562
pred_error,low,tetris,20,8.947000000,0.434815145,8.743500253,9.150499747,0.000000000,0.000000000,0.000000000,0.000000000,0.000751807,0.001448604,0.000073840,0.001429774,0.000000000,0.000000000,0.000000000,0.000000000,0.792878457,0.013507293,0.786556849,0.799200064,0.627291219,0.026201369,0.615028601,0.639553836,0.151378640,0.009934788,0.146729016,0.156028263,0.008535629,0.016439201,0.000841846,0.016229411,28.768582499,0.491689653,28.538464664,28.998700334,9.219840412,0.432495565,9.017426262,9.422254562
pred_error,med,binpack,20,12.504000000,0.457618549,12.289827932,12.718172068,3.810897074,1.494614936,3.111395770,4.510398378,0.871619955,0.479802388,0.647065531,1.096174379,29.800000000,21.760901684,19.615584780,39.984415220,0.768574800,0.023163789,0.757733813,0.779415787,0.859070011,0.019818882,0.849794489,0.868345533,0.208635295,0.012911255,0.202592642,0.214677948,13.276374510,7.194732970,9.909135917,16.643613102,27.183223795,0.358858735,27.015272741,27.351174848,12.640136156,0.402240277,12.451881916,12.828390395
pred_error,med,hybrid,20,12.440000000,0.452687879,12.228135557,12.651864443,4.685689313,1.966972070,3.765118071,5.606260555,1.024408763,0.517539359,0.782192893,1.266624632,32.500000000,21.241716652,22.558570848,42.441429152,0.764621838,0.022154074,0.754253412,0.774990263,0.852212160,0.018862679,0.843384155,0.861040165,0.207666981,0.012964026,0.201599631,0.213734332,15.480579410,7.727375157,11.864056606,19.097102213,28.913493348,0.350819361,28.749304837,29.077681858,12.527964593,0.381624139,12.349359002,12.706570183
pred_error,med,spread,20,12.466000000,0.467247258,12.247321558,12.684678442,4.303142229,1.725948646,3.495373419,5.110911039,0.948912860,0.494147714,0.717644618,1.180181103,31.900000000,21.484143480,21.845111603,41.954888397,0.766211015,0.022918337,0.755484903,0.776937127,0.855696597,0.019723271,0.846465823,0.864927372,0.208106956,0.012919848,0.202060281,0.214153631,14.357002212,7.381555835,10.902327829,17.811676595,29.425676253,0.094687939,29.381360934,29.469991571,12.559621608,0.382603856,12.380557496,12.738685720
pred_error,med,tetris,20,12.433000000,0.455990535,12.219589866,12.646410134,4.972813324,2.114862797,3.983027093,5.962599556,1.043613215,0.498381962,0.810363283,1.276863147,33.550000000,21.224303349,23.616720525,43.483279475,0.764209628,0.022999632,0.753445469,0.774973787,0.850800254,0.017979566,0.842385558,0.859214950,0.207511383,0.012876064,0.201485200,0.213537566,15.734258511,7.429700293,12.257051829,19.211465193,29.127156248,0.351778519,28.962518838,29.291793659,12.509718629,0.379245278,12.332226379,12.687210878
ram_heavy,high,binpack,20,22.535000000,1.021183524,22.057071412,23.012928588,16.573662981,2.071266154,15.604280607,17.543045356,5.580710012,0.761260485,5.224429147,5.936990877,315.750000000,43.165379646,295.547980992,335.952019008,0.655004848,0.015155141,0.647912024,0.662097672,0.564061385,0.032325784,0.548932453,0.579190318,0.909075110,0.005598655,0.906454859,0.911695361,147.253265058,24.978073374,135.563167178,158.943362938,27.987541432,0.236144721,27.877022303,28.098060560,22.317981261,1.037338479,21.832491921,22.803470601
ram_heavy,high,hybrid,20,22.641000000,1.089325721,22.131179883,23.150820117,16.966575289,2.071186818,15.997230045,17.935920533,5.454848023,0.742315985,5.107433457,5.802262589,311.450000000,42.024397676,291.781976978,331.118023022,0.658005363,0.015081823,0.650946853,0.665063874,0.564571261,0.032854839,0.549194723,0.579947799,0.910142908,0.005092366,0.907759607,0.912526208,143.746921022,23.904904230,132.559081749,154.934760295,28.622685071,0.658509590,28.314493104,28.930877037,22.330639491,1.032597109,21.847369180,22.813909802
ram_heavy,high,spread,20,22.593000000,1.056932503,22.098340375,23.087659625,16.841650346,2.092430134,15.862362924,17.820937768,5.492833900,0.716515248,5.157494450,5.828173350,312.350000000,42.256453883,292.573371333,332.126628667,0.656637085,0.014519314,0.649841837,0.663432333,0.565275678,0.032586145,0.550024893,0.580526463,0.909640980,0.005295950,0.907162399,0.912119561,144.840083314,23.578010450,133.805235036,155.874931593,29.724303420,0.045102426,29.703194835,29.745412004,22.318045316,1.045129387,21.828909719,22.807180913
ram_heavy,high,tetris,20,22.649000000,1.125783470,22.122117131,23.175882869,16.935290617,1.996498606,16.000900531,17.869680702,5.438262381,0.743790899,5.090157533,5.786367228,311.350000000,43.242614216,291.111834102,331.588165898,0.658209436,0.015849830,0.650791487,0.665627384,0.565353134,0.033559538,0.549646787,0.581059480,0.910081072,0.004802218,0.907833565,0.912328579,143.048655087,23.396197676,132.098897804,153.998412370,29.170790096,0.487351125,28.942702755,29.398877438,22.313513700,1.020938310,21.835699875,22.791327524
ram_heavy,low,binpack,20,14.854000000,0.986927182,14.392103873,15.315896127,0.000000000,0.000000000,0.000000000,0.000000000,0.000054557,0.000243988,-0.000059633,0.000168747,0.000000000,0.000000000,0.000000000,0.000000000,0.800980488,0.009398406,0.796581898,0.805379077,0.379447495,0.028087906,0.366301951,0.392593040,0.632932244,0.021910829,0.622677661,0.643186828,0.001203537,0.005382381,-0.001315495,0.003722569,21.997809658,1.105926642,21.480220070,22.515399245,15.097162414,0.979773046,14.638614526,15.555710303
ram_heavy,low,hybrid,20,14.854000000,0.986927182,14.392103873,15.315896127,0.000000000,0.000000000,0.000000000,0.000000000,0.000284470,0.001234068,-0.000293091,0.000862032,0.000000000,0.000000000,0.000000000,0.000000000,0.800980488,0.009398406,0.796581898,0.805379077,0.379447055,0.028087644,0.366301633,0.392592477,0.632931187,0.021908462,0.622677712,0.643184663,0.006252746,0.027226059,-0.006489441,0.018994934,26.245146999,2.468203604,25.089992184,27.400301814,15.097162414,0.979773046,14.638614526,15.555710303
ram_heavy,low,spread,20,14.854000000,0.986927182,14.392103873,15.315896127,0.000000000,0.000000000,0.000000000,0.000000000,0.000122344,0.000501638,-0.000112430,0.000357117,0.000000000,0.000000000,0.000000000,0.000000000,0.800980488,0.009398406,0.796581898,0.805379077,0.379446954,0.028087585,0.366301560,0.392592348,0.632930945,0.021907920,0.622677723,0.643184167,0.002671035,0.011062178,-0.002506223,0.007848294,29.483124585,0.095796167,29.438290601,29.527958570,15.097162414,0.979773046,14.638614526,15.555710303
ram_heavy,low,tetris,20,14.854000000,0.986927182,14.392103873,15.315896127,0.000000000,0.000000000,0.000000000,0.000000000,0.000166358,0.000608676,-0.000118511,0.000451227,0.000000000,0.000000000,0.000000000,0.000000000,0.800980488,0.009398406,0.796581898,0.805379077,0.379445755,0.028086873,0.366300694,0.392590816,0.632928067,0.021901481,0.622677859,0.643178276,0.003580268,0.013358368,-0.002671640,0.009832177,27.983669897,1.452555223,27.303853144,28.663486650,15.097162414,0.979773046,14.638614526,15.555710303
ram_heavy,med,binpack,20,20.697000000,1.006155267,20.226104852,21.167895148,2.585117033,2.143477457,1.581938729,3.588295336,0.579783422,0.372033123,0.405666566,0.753900279,30.050000000,23.152753616,19.214178041,40.885821959,0.782043924,0.014038276,0.775473809,0.788614039,0.526397600,0.031299883,0.511748804,0.541046396,0.873635724,0.013551563,0.867293397,0.879978051,14.976146895,10.106250217,10.246276322,19.706017469,27.324720923,0.413903065,27.131008331,27.518433515,20.968816287,0.923659448,20.536530370,21.401102204
ram_heavy,med,hybrid,20,20.676000000,1.027426012,20.195149837,21.156850163,2.722655948,2.071318850,1.753248911,3.692062985,0.604450578,0.357245046,0.437254755,0.771646402,31.600000000,22.410993543,21.111332432,42.088667568,0.781209343,0.013781405,0.774759448,0.787659239,0.525594429,0.031799487,0.510711811,0.540477047,0.871980880,0.013465240,0.865678954,0.878282806,15.525575483,9.583809322,11.040214768,20.010936197,28.232991637,0.830846322,27.844143599,28.621839675,20.944433631,0.979809161,20.485868840,21.402998422
ram_heavy,med,spread,20,20.670000000,1.013955257,20.195454345,21.144545655,2.760953163,2.097004191,1.779525017,3.742381309,0.606026969,0.371860289,0.431991002,0.780062937,31.400000000,23.607313764,20.351437349,42.448562651,0.781013580,0.014369928,0.774288247,0.787738914,0.525686271,0.031546361,0.510922120,0.540450423,0.872198655,0.013331939,0.865959116,0.878438194,15.598130864,10.008781143,10.913877220,20.282384508,29.637742838,0.065397328,29.607135947,29.668349728,20.921669432,0.958225635,20.473206042,21.370132822
ram_heavy,med,tetris,20,20.651000000,1.036522018,20.165892775,21.136107225,2.874847203,2.154301290,1.866603190,3.883091216,0.620096389,0.361649841,0.450839058,0.789353721,32.550000000,21.873981179,22.312661948,42.787338052,0.780249888,0.013848448,0.773768615,0.786731161,0.525349470,0.031731527,0.510498658,0.540200281,0.871228956,0.013237295,0.865033711,0.877424201,15.911977813,9.679051235,11.382042512,20.441913114,28.944248021,0.632019175,28.648453949,29.240042092,20.899613724,0.985798493,20.438245840,21.360981609
tiny_large,high,binpack,20,27.171000000,0.902288902,26.748715806,27.593284194,14.037304693,2.219390813,12.998597846,15.076011540,4.066675143,0.857199815,3.665493291,4.467856995,260.950000000,52.959244509,236.164311261,285.735688739,0.690905992,0.019425466,0.681814594,0.699997389,0.913416724,0.008291849,0.909536019,0.917297428,0.583104619,0.032856410,0.567727346,0.598481891,129.538647595,29.734963984,115.622256438,143.455038752,27.923608017,0.275554854,27.794644379,28.052571656,25.405651073,0.774200823,25.043313944,25.767988202
tiny_large,high,hybrid,20,27.307000000,0.960576033,26.857436590,27.756563410,14.242243548,2.288633079,13.171130324,15.313356772,3.912530801,0.827162348,3.525406916,4.299654686,255.500000000,53.728851409,230.354124154,280.645875846,0.694331486,0.019960893,0.684989501,0.703673472,0.914311924,0.007956937,0.910587963,0.918035886,0.585014528,0.033463364,0.569353192,0.600675864,123.877376936,28.464266014,110.555690719,137.199063153,28.806573457,0.367712988,28.634478486,28.978668428,25.408976469,0.745339720,25.060146751,25.757806187
tiny_large,high,spread,20,27.264000000,0.912661810,26.836861136,27.691138864,14.285694638,2.483861682,13.123211618,15.448177658,3.958339657,0.816153236,3.576368194,4.340311119,257.400000000,53.056474380,232.568806282,282.231193718,0.693276520,0.019724051,0.684045381,0.702507660,0.913896528,0.007880805,0.910208198,0.917584858,0.584308715,0.031932304,0.569363937,0.599253493,125.665673621,28.750335518,112.210102759,139.121244483,29.756642753,0.042509357,29.736747762,29.776537743,25.394509327,0.728001212,25.053794281,25.735224373
tiny_large,high,tetris,20,27.432000000,0.902683718,27.009531027,27.854468973,14.485506650,2.024909908,13.537819667,15.433193634,3.788781641,0.842737077,3.394368559,4.183194724,248.250000000,55.288596902,222.374140812,274.125859188,0.697557756,0.019854484,0.688265572,0.706849941,0.913824336,0.008326259,0.909927527,0.917721145,0.587009760,0.033619965,0.571275133,0.602744388,119.535085330,29.342435432,105.802403185,133.267767475,29.273908667,0.411554895,29.081295052,29.466522282,25.342564501,0.733983410,24.999049700,25.686079302
tiny_large,low,binpack,20,17.001000000,0.648836205,16.697335316,17.304664684,0.000000000,0.000000000,0.000000000,0.000000000,0.000038662,0.000128859,-0.000021645,0.000098970,0.000000000,0.000000000,0.000000000,0.000000000,0.800014027,0.014148172,0.793392479,0.806635575,0.633835908,0.021577309,0.623737417,0.643934399,0.372134213,0.019540420,0.362989015,0.381279411,0.000864865,0.002884572,-0.000485156,0.002214886,21.923387114,0.940570643,21.483186515,22.363587714,17.308715910,0.689769736,16.985893745,17.631538075
tiny_large,low,hybrid,20,17.001000000,0.648836205,16.697335316,17.304664684,0.000000000,0.000000000,0.000000000,0.000000000,0.000315299,0.001019399,-0.000161795,0.000792392,0.000000000,0.000000000,0.000000000,0.000000000,0.800014027,0.014148172,0.793392479,0.806635575,0.633835908,0.021577309,0.623737417,0.643934399,0.372134213,0.019540420,0.362989015,0.381279411,0.007042115,0.022753871,-0.003607024,0.017691254,27.258446541,1.230038523,26.682770807,27.834122275,17.308715910,0.689769736,16.985893745,17.631538075
tiny_large,low,spread,20,17.001000000,0.648836205,16.697335316,17.304664684,0.000000000,0.000000000,0.000000000,0.000000000,0.000262891,0.000839384,-0.000129953,0.000655735,0.000000000,0.000000000,0.000000000,0.000000000,0.800014027,0.014148172,0.793392479,0.806635575,0.633835908,0.021577309,0.623737417,0.643934399,0.372134213,0.019540420,0.362989015,0.381279411,0.005872167,0.018738726,-0.002897827,0.014642160,29.557116089,0.075188597,29.521926743,29.592305435,17.308715910,0.689769736,16.985893745,17.631538075
tiny_large,low,tetris,20,17.001000000,0.648836205,16.697335316,17.304664684,0.000000000,0.000000000,0.000000000,0.000000000,0.000291819,0.001234555,-0.000285970,0.000869608,0.000000000,0.000000000,0.000000000,0.000000000,0.800014027,0.014148172,0.793392479,0.806635575,0.633835908,0.021577309,0.623737417,0.643934399,0.372134213,0.019540420,0.362989015,0.381279411,0.006509100,0.027530587,-0.006375612,0.019393811,28.612700543,0.866276073,28.207270871,29.018130214,17.308715910,0.689769736,16.985893745,17.631538075
tiny_large,med,binpack,20,23.834000000,0.818550709,23.450906486,24.217093514,2.208549750,1.253072320,1.622093867,2.795005633,0.384097546,0.242878329,0.270426992,0.497768100,17.600000000,13.601083548,11.234497122,23.965502878,0.789238047,0.011358019,0.783922331,0.794553764,0.872493973,0.016302303,0.864864261,0.880123686,0.520098988,0.029008977,0.506522370,0.533675607,11.277841007,7.369060746,7.829014506,14.726667509,27.289651403,0.408730028,27.098359866,27.480942939,23.834877601,0.808740492,23.456375410,24.213379793
tiny_large,med,hybrid,20,23.787000000,0.829895999,23.398596727,24.175403273,2.657622301,1.258919979,2.068429629,3.246814972,0.433204577,0.228529145,0.326249647,0.540159506,20.750000000,12.208172414,15.036399583,26.463600417,0.787663329,0.011026819,0.782502619,0.792824040,0.866942332,0.016458176,0.859239669,0.874644995,0.518456164,0.029449078,0.504673572,0.532238756,12.601575512,6.901413350,9.371614723,15.831536300,28.526730703,0.516232060,28.285126668,28.768334738,23.691599206,0.864643614,23.286933548,24.096264863
tiny_large,med,spread,20,23.802000000,0.816511192,23.419861009,24.184138991,2.399922437,1.244671080,1.817398455,2.982446418,0.405387746,0.232626814,0.296515048,0.514260443,19.050000000,12.313770640,13.286978093,24.813021907,0.788178401,0.011257946,0.782909521,0.793447282,0.869939281,0.016370618,0.862277596,0.877600966,0.519686599,0.029150564,0.506043716,0.533329482,11.847609215,7.078941033,8.534562916,15.160655515,29.685796994,0.058974388,29.658196132,29.713397857,23.731643041,0.854891020,23.331541739,24.131744344
tiny_large,med,tetris,20,23.766000000,0.830804303,23.377171628,24.154828372,2.652626030,1.176321157,2.102090796,3.203161263,0.450666494,0.229820947,0.343106983,0.558226006,22.700000000,12.649526723,16.779839413,28.620160587,0.786970479,0.011293295,0.781685054,0.792255904,0.864785449,0.015869859,0.857358127,0.872212771,0.518602035,0.028498864,0.505264157,0.531939914,13.053281895,6.936535513,9.806883429,16.299680361,29.080981072,0.519703757,28.837752234,29.324209911,23.584098535,0.845181029,23.188541648,23.979655422
