load,policy,baseline,n_pairs,mean_delta_throughput_horizon,sd_delta_throughput_horizon,ci95_low_delta_throughput_horizon,ci95_high_delta_throughput_horizon,wins_throughput_horizon,losses_throughput_horizon,ties_throughput_horizon,mean_delta_p95_wait_time,sd_delta_p95_wait_time,ci95_low_delta_p95_wait_time,ci95_high_delta_p95_wait_time,wins_p95_wait_time,losses_p95_wait_time,ties_p95_wait_time,mean_delta_mean_wait_time,sd_delta_mean_wait_time,ci95_low_delta_mean_wait_time,ci95_high_delta_mean_wait_time,wins_mean_wait_time,losses_mean_wait_time,ties_mean_wait_time,mean_delta_queued_at_horizon,sd_delta_queued_at_horizon,ci95_low_delta_queued_at_horizon,ci95_high_delta_queued_at_horizon,wins_queued_at_horizon,losses_queued_at_horizon,ties_queued_at_horizon,mean_delta_completion_ratio_horizon,sd_delta_completion_ratio_horizon,ci95_low_delta_completion_ratio_horizon,ci95_high_delta_completion_ratio_horizon,wins_completion_ratio_horizon,losses_completion_ratio_horizon,ties_completion_ratio_horizon,mean_delta_time_weighted_cpu_utilization,sd_delta_time_weighted_cpu_utilization,ci95_low_delta_time_weighted_cpu_utilization,ci95_high_delta_time_weighted_cpu_utilization,wins_time_weighted_cpu_utilization,losses_time_weighted_cpu_utilization,ties_time_weighted_cpu_utilization,mean_delta_time_weighted_ram_utilization,sd_delta_time_weighted_ram_utilization,ci95_low_delta_time_weighted_ram_utilization,ci95_high_delta_time_weighted_ram_utilization,wins_time_weighted_ram_utilization,losses_time_weighted_ram_utilization,ties_time_weighted_ram_utilization,mean_delta_time_weighted_queue_length,sd_delta_time_weighted_queue_length,ci95_low_delta_time_weighted_queue_length,ci95_high_delta_time_weighted_queue_length,wins_time_weighted_queue_length,losses_time_weighted_queue_length,ties_time_weighted_queue_length,mean_delta_time_weighted_active_nodes,sd_delta_time_weighted_active_nodes,ci95_low_delta_time_weighted_active_nodes,ci95_high_delta_time_weighted_active_nodes,wins_time_weighted_active_nodes,losses_time_weighted_active_nodes,ties_time_weighted_active_nodes,mean_delta_drained_throughput,sd_delta_drained_throughput,ci95_low_delta_drained_throughput,ci95_high_delta_drained_throughput,wins_drained_throughput,losses_drained_throughput,ties_drained_throughput
high,hybrid,binpack,160,0.161750000,0.318521644,0.112014523,0.211485477,108,43,9,0.314575066,1.017836966,0.155645185,0.473504947,98,62,0,-0.209080771,0.394950946,-0.270750281,-0.147411261,44,116,0,-6.612500000,17.497883969,-9.344702415,-3.880297585,54,96,10,0.005229236,0.010758093,0.003549416,0.006909055,108,43,9,-0.001327014,0.003695538,-0.001904053,-0.000749975,55,105,0,0.004163875,0.011402959,0.002383363,0.005944387,94,66,0,-5.306591410,7.873628003,-6.536016950,-4.077165870,35,125,0,0.856632866,0.545495453,0.771456624,0.941809108,150,10,0,0.010183450,0.170997558,-0.016516918,0.036883818,75,85,0
high,spread,binpack,160,0.114750000,0.349400115,0.060193012,0.169306988,93,58,9,0.327699176,0.985269708,0.173854501,0.481543851,97,63,0,-0.177531683,0.440812782,-0.246362277,-0.108701089,56,104,0,-4.906250000,16.143147728,-7.426917487,-2.385582513,61,92,7,0.003739959,0.011465671,0.001949655,0.005530263,93,58,9,-0.001105237,0.003794641,-0.001697750,-0.000512724,63,97,0,0.003124626,0.008953071,0.001726652,0.004522601,84,76,0,-4.398995664,10.323757707,-6.010996052,-2.786995276,52,108,0,1.552467697,0.367584220,1.495071357,1.609864037,160,0,0,-0.002713161,0.134237034,-0.023673566,0.018247245,73,87,0
high,tetris,binpack,160,0.256375000,0.412184680,0.192014533,0.320735467,118,37,5,0.528720346,1.279196405,0.328980566,0.728460127,103,57,0,-0.362411432,0.524213114,-0.444264549,-0.280558316,38,122,0,-9.406250000,20.729857807,-12.643108106,-6.169391894,48,105,7,0.008244703,0.013709531,0.006104032,0.010385374,118,37,5,-0.002634101,0.005718486,-0.003527012,-0.001741189,52,108,0,0.006258994,0.013092084,0.004214734,0.008303254,104,56,0,-9.831158189,12.655518182,-11.807250692,-7.855065685,28,132,0,1.194212795,0.527219120,1.111890306,1.276535283,160,0,0,-0.009372193,0.192034502,-0.039357369,0.020612983,61,98,1
low,hybrid,binpack,160,0.000000000,0.000000000,0.000000000,0.000000000,0,0,160,0.062510789,0.197404658,0.031687091,0.093334486,33,6,121,0.007026921,0.022611649,0.003496231,0.010557610,57,7,96,0.006250000,0.079056942,-0.006094325,0.018594325,1,0,159,0.000000000,0.000000000,0.000000000,0.000000000,0,0,160,-0.000014569,0.000080465,-0.000027133,-0.000002005,0,10,150,-0.000003718,0.000022277,-0.000007197,-0.000000240,0,10,150,0.113489765,0.369323143,0.055821902,0.171157629,57,7,96,4.886494491,2.213281836,4.540902190,5.232086792,159,1,0,0.000267897,0.003388658,-0.000261224,0.000797018,1,0,159
low,spread,binpack,160,0.000000000,0.000000000,0.000000000,0.000000000,0,0,160,0.055462071,0.158169686,0.030764707,0.080159434,36,2,122,0.005930180,0.018764121,0.003000261,0.008860098,45,10,105,-0.012500000,0.158113883,-0.037188650,0.012188650,0,1,159,0.000000000,0.000000000,0.000000000,0.000000000,0,0,160,-0.000009380,0.000099388,-0.000024899,0.000006139,2,3,155,-0.000003815,0.000042820,-0.000010501,0.000002871,2,3,155,0.095399264,0.304364975,0.047874277,0.142924252,45,10,105,6.721121944,1.486571469,6.489001639,6.953242249,160,0,0,0.000267897,0.003388658,-0.000261224,0.000797018,1,0,159
low,tetris,binpack,160,0.000000000,0.000000000,0.000000000,0.000000000,0,0,160,0.126720863,0.316373838,0.077320755,0.176120972,36,4,120,0.016743541,0.042812048,0.010058665,0.023428416,59,9,92,0.006250000,0.079056942,-0.006094325,0.018594325,1,0,159,0.000000000,0.000000000,0.000000000,0.000000000,0,0,160,-0.000017536,0.000097070,-0.000032693,-0.000002379,1,11,148,-0.000005205,0.000041463,-0.000011679,0.000001269,1,11,148,0.271613541,0.702996077,0.161844407,0.381382676,59,9,92,5.918121767,1.867658006,5.626496807,6.209746727,160,0,0,0.000000000,0.000000000,0.000000000,0.000000000,0,0,160
med,hybrid,binpack,160,0.001000000,0.146571725,-0.021886403,0.023886403,51,99,10,0.436222929,0.787394381,0.313275444,0.559170415,123,37,0,0.010123366,0.202156153,-0.021442253,0.041688984,112,48,0,-0.075000000,7.924605420,-1.312385395,1.162385395,89,56,15,-0.000249703,0.006609515,-0.001281744,0.000782338,51,99,10,-0.002981819,0.004941394,-0.003753392,-0.002210247,39,121,0,0.000134453,0.005032058,-0.000651276,0.000920183,45,115,0,-0.029066388,3.991288093,-0.652285000,0.594152224,112,48,0,1.187009110,0.757329848,1.068756044,1.305262177,151,9,0,-0.045135153,0.149562027,-0.068488476,-0.021781830,50,101,9
med,spread,binpack,160,-0.019625000,0.123827266,-0.038959975,-0.000290025,44,98,18,0.349932833,0.506976791,0.270771077,0.429094588,127,33,0,0.016102976,0.187795492,-0.013220301,0.045426252,120,40,0,1.062500000,7.721315347,-0.143142721,2.268142721,94,43,23,-0.000960976,0.005561212,-0.001829330,-0.000092622,44,98,18,-0.002453872,0.003862631,-0.003057001,-0.001850742,38,122,0,0.000051330,0.004626437,-0.000671064,0.000773724,51,109,0,0.229176694,3.925663151,-0.383794929,0.842148318,121,39,0,2.083109241,0.536806462,1.999289740,2.166928743,160,0,0,-0.057513263,0.126350085,-0.077242163,-0.037784363,40,113,7
med,tetris,binpack,160,-0.035875000,0.173329901,-0.062939551,-0.008810449,38,116,6,0.690466436,0.935858657,0.544337036,0.836595836,138,21,1,0.036116567,0.228170886,0.000488885,0.071744249,125,35,0,2.193750000,11.211234749,0.443174747,3.944325253,109,41,10,-0.001823458,0.007708144,-0.003027044,-0.000619872,38,116,6,-0.005347674,0.006449813,-0.006354778,-0.004340569,23,137,0,-0.000367032,0.006350999,-0.001358707,0.000624643,29,131,0,0.497926333,4.601264812,-0.220536931,1.216389598,124,36,0,1.619770112,0.733703661,1.505206150,1.734334074,160,0,0,-0.088024759,0.168188765,-0.114286549,-0.061762969,33,123,4
