family,load,policy,baseline,n_pairs,mean_delta_throughput_horizon,sd_delta_throughput_horizon,ci95_low_delta_throughput_horizon,ci95_high_delta_throughput_horizon,wins_throughput_horizon,losses_throughput_horizon,ties_throughput_horizon,mean_delta_p95_wait_time,sd_delta_p95_wait_time,ci95_low_delta_p95_wait_time,ci95_high_delta_p95_wait_time,wins_p95_wait_time,losses_p95_wait_time,ties_p95_wait_time,mean_delta_mean_wait_time,sd_delta_mean_wait_time,ci95_low_delta_mean_wait_time,ci95_high_delta_mean_wait_time,wins_mean_wait_time,losses_mean_wait_time,ties_mean_wait_time,mean_delta_queued_at_horizon,sd_delta_queued_at_horizon,ci95_low_delta_queued_at_horizon,ci95_high_delta_queued_at_horizon,wins_queued_at_horizon,losses_queued_at_horizon,ties_queued_at_horizon,mean_delta_completion_ratio_horizon,sd_delta_completion_ratio_horizon,ci95_low_delta_completion_ratio_horizon,ci95_high_delta_completion_ratio_horizon,wins_completion_ratio_horizon,losses_completion_ratio_horizon,ties_completion_ratio_horizon,mean_delta_time_weighted_cpu_utilization,sd_delta_time_weighted_cpu_utilization,ci95_low_delta_time_weighted_cpu_utilization,ci95_high_delta_time_weighted_cpu_utilization,wins_time_weighted_cpu_utilization,losses_time_weighted_cpu_utilization,ties_time_weighted_cpu_utilization,mean_delta_time_weighted_ram_utilization,sd_delta_time_weighted_ram_utilization,ci95_low_delta_time_weighted_ram_utilization,ci95_high_delta_time_weighted_ram_utilization,wins_time_weighted_ram_utilization,losses_time_weighted_ram_utilization,ties_time_weighted_ram_utilization,mean_delta_time_weighted_queue_length,sd_delta_time_weighted_queue_length,ci95_low_delta_time_weighted_queue_length,ci95_high_delta_time_weighted_queue_length,wins_time_weighted_queue_length,losses_time_weighted_queue_length,ties_time_weighted_queue_length,mean_delta_time_weighted_active_nodes,sd_delta_time_weighted_active_nodes,ci95_low_delta_time_weighted_active_nodes,ci95_high_delta_time_weighted_active_nodes,wins_time_weighted_active_nodes,losses_time_weighted_active_nodes,ties_time_weighted_active_nodes,mean_delta_drained_throughput,sd_delta_drained_throughput,ci95_low_delta_drained_throughput,ci95_high_delta_drained_throughput,wins_drained_throughput,losses_drained_throughput,ties_drained_throughput
adversarial,high,hybrid,binpack,20,0.261000000,0.294830906,0.123014892,0.398985108,16,3,1,0.191408604,0.730398238,-0.150428285,0.533245493,13,7,0,-0.296665294,0.326022668,-0.449248595,-0.144081992,5,15,0,-4.200000000,7.770389139,-7.836653966,-0.563346034,8,11,1,0.008727411,0.009821079,0.004131005,0.013323817,16,3,1,0.000385460,0.002820570,-0.000934607,0.001705527,9,11,0,0.002505477,0.003205674,0.001005175,0.004005778,16,4,0,-7.362541294,7.724426125,-10.977683908,-3.747398681,3,17,0,0.455069565,0.178620064,0.371472804,0.538666326,20,0,0,0.022123386,0.062748333,-0.007243737,0.051490509,14,6,0
adversarial,high,spread,binpack,20,0.195000000,0.732346625,-0.147748762,0.537748762,10,10,0,0.649402413,1.151406095,0.110527787,1.188277039,13,7,0,-0.368016918,0.914295637,-0.795920436,0.059886601,10,10,0,-3.950000000,14.641235927,-10.802309164,2.902309164,8,11,1,0.006528287,0.024149808,-0.004774170,0.017830745,10,10,0,-0.002883423,0.005443848,-0.005431222,-0.000335623,6,14,0,0.003810387,0.007383584,0.000354764,0.007266011,10,10,0,-9.587829224,22.865211114,-20.289077153,1.113418705,10,10,0,0.997020830,0.161578179,0.921399916,1.072641743,20,0,0,-0.028456726,0.081495595,-0.066597838,0.009684385,9,11,0
adversarial,high,tetris,binpack,20,0.630000000,0.541401690,0.376616216,0.883383784,18,1,1,0.716177726,1.460377936,0.032699831,1.399655620,14,6,0,-1.140102527,0.458412256,-1.354646062,-0.925558993,0,20,0,-4.950000000,17.527347054,-13.153050714,3.253050714,8,11,1,0.020803824,0.017650097,0.012543324,0.029064324,18,1,1,-0.006889187,0.011263354,-0.012160599,-0.001617775,9,11,0,0.009407088,0.005981189,0.006607805,0.012206370,20,0,0,-33.346682422,9.876820515,-37.969176592,-28.724188251,0,20,0,0.677878338,0.154536489,0.605553037,0.750203639,20,0,0,-0.075101410,0.155523924,-0.147888845,-0.002313975,6,14,0
adversarial,low,hybrid,binpack,20,0.000000000,0.000000000,0.000000000,0.000000000,0,0,20,0.094991532,0.139677331,0.029620530,0.160362533,14,5,1,-0.002197662,0.027337528,-0.014992019,0.010596694,13,7,0,0.000000000,0.000000000,0.000000000,0.000000000,0,0,20,0.000000000,0.000000000,0.000000000,0.000000000,0,0,20,-0.000000000,0.000000000,-0.000000000,0.000000000,0,0,20,-0.000000000,0.000000000,-0.000000000,0.000000000,0,0,20,-0.035010451,0.445104068,-0.243325562,0.173304660,13,7,0,3.303977553,1.467960642,2.616950842,3.991004263,20,0,0,0.000000000,0.000000000,0.000000000,0.000000000,0,0,20
adversarial,low,spread,binpack,20,0.000000000,0.000000000,0.000000000,0.000000000,0,0,20,0.246263210,0.193557171,0.155675668,0.336850753,19,1,0,0.023947100,0.040927712,0.004792341,0.043101858,15,5,0,0.000000000,0.000000000,0.000000000,0.000000000,0,0,20,0.000000000,0.000000000,0.000000000,0.000000000,0,0,20,-0.000000000,0.000000000,-0.000000000,0.000000000,0,0,20,0.000000000,0.000000000,-0.000000000,0.000000000,0,0,20,0.385730207,0.667562209,0.073301485,0.698158930,15,5,0,5.256129361,0.747919744,4.906092155,5.606166567,20,0,0,0.000000000,0.000000000,0.000000000,0.000000000,0,0,20
adversarial,low,tetris,binpack,20,0.000000000,0.000000000,0.000000000,0.000000000,0,0,20,0.565024077,0.462330679,0.348646665,0.781401490,17,3,0,0.069982375,0.086635955,0.029435501,0.110529249,14,6,0,0.000000000,0.000000000,0.000000000,0.000000000,0,0,20,0.000000000,0.000000000,0.000000000,0.000000000,0,0,20,0.000000000,0.000000000,-0.000000000,0.000000000,0,0,20,-0.000000000,0.000000000,-0.000000000,0.000000000,0,0,20,1.148694698,1.432692310,0.478174074,1.819215322,14,6,0,4.494518352,0.898586265,4.073967046,4.915069658,20,0,0,0.000000000,0.000000000,0.000000000,0.000000000,0,0,20
adversarial,med,hybrid,binpack,20,0.014000000,0.069008009,-0.018296741,0.046296741,8,8,4,-0.074084252,0.276885020,-0.203670427,0.055501923,11,9,0,-0.112588115,0.161120172,-0.187994675,-0.037181556,4,16,0,-1.850000000,6.458572435,-4.872704866,1.172704866,5,8,7,0.000580526,0.002989713,-0.000818703,0.001979754,8,8,4,0.001228247,0.003709003,-0.000507620,0.002964113,12,8,0,-0.000014973,0.001199167,-0.000576201,0.000546254,9,11,0,-2.524031123,3.561382263,-4.190809286,-0.857252961,4,16,0,0.595519543,0.235582333,0.485263620,0.705775465,20,0,0,0.024167864,0.061866482,-0.004786540,0.053122268,10,4,6
adversarial,med,spread,binpack,20,-0.078000000,0.134696540,-0.141039920,-0.014960080,5,15,0,0.313346940,0.522598659,0.068763245,0.557930635,15,5,0,0.007150122,0.350918698,-0.157084879,0.171385124,11,9,0,5.850000000,11.127372603,0.642229451,11.057770549,11,3,6,-0.003406278,0.005892688,-0.006164141,-0.000648415,5,15,0,-0.003326190,0.004939651,-0.005638018,-0.001014362,7,13,0,-0.000814938,0.001573868,-0.001551531,-0.000078346,7,13,0,-0.043484562,7.983613731,-3.779930707,3.692961582,11,9,0,1.300056187,0.212743439,1.200489195,1.399623179,20,0,0,-0.035125431,0.057058510,-0.061829635,-0.008421227,3,13,4
adversarial,med,tetris,binpack,20,-0.182000000,0.213235723,-0.281797388,-0.082202612,4,15,1,0.662986581,0.849923442,0.265210176,1.060762986,15,5,0,-0.002990471,0.364886142,-0.173762438,0.167781495,10,10,0,11.550000000,18.248215486,3.009572483,20.090427517,11,4,5,-0.007932214,0.009241539,-0.012257388,-0.003607041,4,15,1,-0.010170081,0.011234309,-0.015427899,-0.004912263,4,16,0,-0.004437701,0.003512847,-0.006081764,-0.002793639,1,19,0,-0.443139550,8.054334521,-4.212684042,3.326404942,10,10,0,0.885170948,0.203974050,0.789708157,0.980633740,20,0,0,-0.096692969,0.127337829,-0.156288906,-0.037097032,4,13,3
balanced,high,hybrid,binpack,20,0.067000000,0.197912793,-0.025626036,0.159626036,11,7,2,0.215208026,0.948481843,-0.228695129,0.659111180,12,8,0,-0.086613661,0.231107818,-0.194775447,0.021548124,7,13,0,-4.450000000,11.250614018,-9.715449305,0.815449305,7,12,1,0.002232482,0.006598765,-0.000855835,0.005320799,11,7,2,-0.002200190,0.004054860,-0.004097923,-0.000302458,6,14,0,-0.001316257,0.002433406,-0.002455126,-0.000177388,6,14,0,-2.918290974,5.190459153,-5.347500570,-0.489081378,4,16,0,0.473198570,0.342118758,0.313082067,0.633315073,20,0,0,-0.046141262,0.095290339,-0.090738512,-0.001544012,6,14,0
balanced,high,spread,binpack,20,0.082000000,0.212840439,-0.017612389,0.181612389,12,7,1,0.427104383,0.774303090,0.064719391,0.789489374,15,5,0,-0.116332041,0.258753525,-0.237432415,0.004768333,3,17,0,-5.750000000,12.234012123,-11.475693773,-0.024306227,7,12,1,0.002702953,0.007113545,-0.000626288,0.006032195,12,7,1,-0.002420070,0.004500089,-0.004526176,-0.000313963,7,13,0,-0.001444239,0.002674336,-0.002695867,-0.000192611,7,13,0,-3.572887581,5.798802011,-6.286810392,-0.858964771,3,17,0,1.751132769,0.228634107,1.644128716,1.858136823,20,0,0,-0.067679817,0.083324644,-0.106676950,-0.028682684,4,16,0
balanced,high,tetris,binpack,20,0.090000000,0.219712731,-0.012828721,0.192828721,13,6,1,0.144019791,0.840132957,-0.249174526,0.537214108,12,8,0,-0.097226725,0.243312129,-0.211100304,0.016646853,6,14,0,-5.850000000,12.679344994,-11.784115967,0.084115967,8,12,0,0.002942786,0.007333723,-0.000489502,0.006375074,13,6,1,-0.002781870,0.004084231,-0.004693349,-0.000870391,5,15,0,-0.001633394,0.002434866,-0.002772946,-0.000493842,5,15,0,-3.471955525,5.803625647,-6.188135866,-0.755775183,4,16,0,1.218238420,0.719884790,0.881321976,1.555154864,20,0,0,-0.075764215,0.075611211,-0.111151350,-0.040377080,2,18,0
balanced,low,hybrid,binpack,20,0.000000000,0.000000000,0.000000000,0.000000000,0,0,20,0.000000000,0.000000000,0.000000000,0.000000000,0,0,20,0.000345018,0.001159391,-0.000197594,0.000887630,2,0,18,0.000000000,0.000000000,0.000000000,0.000000000,0,0,20,0.000000000,0.000000000,0.000000000,0.000000000,0,0,20,-0.000029982,0.000099686,-0.000076636,0.000016673,0,2,18,-0.000016398,0.000053407,-0.000041393,0.000008597,0,2,18,0.006055336,0.020366845,-0.003476641,0.015587312,2,0,18,4.571983465,1.707619747,3.772792844,5.371174087,20,0,0,0.000000000,0.000000000,0.000000000,0.000000000,0,0,20
balanced,low,spread,binpack,20,0.000000000,0.000000000,0.000000000,0.000000000,0,0,20,0.000000000,0.000000000,0.000000000,0.000000000,0,0,20,0.000388856,0.002015756,-0.000554547,0.001332258,1,1,18,0.000000000,0.000000000,0.000000000,0.000000000,0,0,20,0.000000000,0.000000000,0.000000000,0.000000000,0,0,20,-0.000036138,0.000188304,-0.000124267,0.000051991,1,1,18,-0.000022092,0.000112670,-0.000074823,0.000030639,1,1,18,0.006791641,0.035239772,-0.009701079,0.023284362,1,1,18,7.424847936,1.122836326,6.899344373,7.950351498,20,0,0,0.000000000,0.000000000,0.000000000,0.000000000,0,0,20
balanced,low,tetris,binpack,20,0.000000000,0.000000000,0.000000000,0.000000000,0,0,20,0.000000000,0.000000000,0.000000000,0.000000000,0,0,20,0.000387828,0.002016566,-0.000555954,0.001331610,1,1,18,0.000000000,0.000000000,0.000000000,0.000000000,0,0,20,0.000000000,0.000000000,0.000000000,0.000000000,0,0,20,-0.000037649,0.000187214,-0.000125268,0.000049970,1,1,18,-0.000022883,0.000112147,-0.000075369,0.000029604,1,1,18,0.006773572,0.035254067,-0.009725839,0.023272983,1,1,18,6.360298488,2.042478968,5.404388931,7.316208046,20,0,0,0.000000000,0.000000000,0.000000000,0.000000000,0,0,20
balanced,med,hybrid,binpack,20,-0.075000000,0.085316747,-0.114929466,-0.035070534,3,17,0,0.464898913,0.466055666,0.246778153,0.683019673,16,4,0,0.124012502,0.074046229,0.089357801,0.158667203,20,0,0,3.650000000,5.724140938,0.971019646,6.328980354,13,4,3,-0.003250742,0.003706025,-0.004985215,-0.001516269,3,17,0,-0.005618235,0.003586481,-0.007296760,-0.003939710,1,19,0,-0.003350453,0.002165383,-0.004363883,-0.002337023,1,19,0,2.618443970,1.567398219,1.884879043,3.352008898,20,0,0,0.699945481,0.517655507,0.457675253,0.942215710,20,0,0,-0.097934074,0.125185814,-0.156522837,-0.039345311,4,16,0
balanced,med,spread,binpack,20,-0.070000000,0.070636207,-0.103058761,-0.036941239,2,18,0,0.330554924,0.375880206,0.154637577,0.506472270,18,2,0,0.116438011,0.077154571,0.080328561,0.152547461,18,2,0,3.600000000,4.672427522,1.413236664,5.786763336,17,2,1,-0.003043434,0.003126273,-0.004506575,-0.001580293,2,18,0,-0.005289324,0.003684787,-0.007013857,-0.003564791,1,19,0,-0.003162164,0.002203724,-0.004193538,-0.002130789,1,19,0,2.440456992,1.569009296,1.706138056,3.174775927,19,1,0,2.387721974,0.366822294,2.216043861,2.559400088,20,0,0,-0.103803110,0.097022589,-0.149211078,-0.058395142,3,17,0
balanced,med,tetris,binpack,20,-0.073000000,0.070569115,-0.106027362,-0.039972638,3,17,0,0.375514083,0.392335311,0.191895510,0.559132656,16,4,0,0.120326276,0.068026668,0.088488816,0.152163736,19,1,0,3.300000000,4.635106312,1.130703527,5.469296473,15,4,1,-0.003185997,0.003120722,-0.004646540,-0.001725454,3,17,0,-0.005384175,0.003622172,-0.007079404,-0.003688947,1,19,0,-0.003216615,0.002164563,-0.004229662,-0.002203569,1,19,0,2.520993601,1.416944114,1.857843360,3.184143843,19,1,0,1.675808381,0.967358200,1.223070819,2.128545943,20,0,0,-0.106855756,0.104896491,-0.155948824,-0.057762688,3,17,0
bimodal,high,hybrid,binpack,20,0.069000000,0.120258494,0.012717294,0.125282706,14,5,1,0.240768047,0.839949810,-0.152340554,0.633876649,12,8,0,-0.139226862,0.136673906,-0.203192218,-0.075261507,4,16,0,-3.650000000,8.112855296,-7.446933057,0.146933057,7,13,0,0.002297893,0.004058867,0.000398285,0.004197501,14,5,1,0.000459325,0.003346546,-0.001106907,0.002025556,9,11,0,0.002528469,0.005036597,0.000171269,0.004885669,13,7,0,-3.854665122,3.498587920,-5.492054628,-2.217275616,2,18,0,0.934158293,0.411613484,0.741517258,1.126799329,20,0,0,-0.060714904,0.123419754,-0.118477125,-0.002952682,5,15,0
bimodal,high,spread,binpack,20,0.050000000,0.180350536,-0.034406647,0.134406647,11,8,1,0.133628961,0.678456013,-0.183898219,0.451156141,9,11,0,-0.079863093,0.192883374,-0.170135289,0.010409102,8,12,0,-2.450000000,10.689271552,-7.452732950,2.552732950,7,11,2,0.001657098,0.006007575,-0.001154534,0.004468729,11,8,1,0.000798823,0.002805619,-0.000514247,0.002111893,12,8,0,0.001939124,0.006735193,-0.001213043,0.005091291,13,7,0,-2.082301945,5.242271123,-4.535760289,0.371156399,8,12,0,1.747500004,0.287015852,1.613172454,1.881827554,20,0,0,-0.044251936,0.094337678,-0.088403327,-0.000100545,8,12,0
bimodal,high,tetris,binpack,20,0.128000000,0.176682886,0.045309866,0.210690134,15,5,0,0.618454246,1.105932767,0.100861791,1.136046700,12,8,0,-0.214361240,0.208498480,-0.311941530,-0.116780950,5,15,0,-5.500000000,9.179496604,-9.796136542,-1.203863458,4,13,3,0.004239249,0.005864832,0.001494424,0.006984075,15,5,0,0.000027946,0.003845531,-0.001771818,0.001827710,10,10,0,0.004632732,0.007020881,0.001346859,0.007918606,15,5,0,-5.940387010,5.566300553,-8.545495792,-3.335278229,4,16,0,1.282321725,0.360143919,1.113769187,1.450874263,20,0,0,-0.048554234,0.133731493,-0.111142497,0.014034030,5,14,1
bimodal,low,hybrid,binpack,20,0.000000000,0.000000000,0.000000000,0.000000000,0,0,20,0.000000000,0.000000000,0.000000000,0.000000000,0,0,20,0.000361090,0.001270504,-0.000233525,0.000955704,2,0,18,0.050000000,0.223606798,-0.054651200,0.154651200,1,0,19,0.000000000,0.000000000,0.000000000,0.000000000,0,0,20,-0.000053673,0.000180901,-0.000138337,0.000030992,0,2,18,-0.000007427,0.000029030,-0.000021013,0.000006160,0,2,18,0.006193833,0.021679203,-0.003952346,0.016340012,2,0,18,5.612654432,1.482418772,4.918861108,6.306447755,20,0,0,0.002143176,0.009584573,-0.002342542,0.006628894,1,0,19
bimodal,low,spread,binpack,20,0.000000000,0.000000000,0.000000000,0.000000000,0,0,20,0.000000000,0.000000000,0.000000000,0.000000000,0,0,20,0.000245484,0.001559423,-0.000484348,0.000975317,1,1,18,-0.100000000,0.447213595,-0.309302400,0.109302400,0,1,19,0.000000000,0.000000000,0.000000000,0.000000000,0,0,20,-0.000038359,0.000212170,-0.000137658,0.000060940,1,1,18,-0.000007127,0.000046578,-0.000028927,0.000014672,1,1,18,0.004518904,0.026969376,-0.008103152,0.017140960,1,1,18,7.299706563,1.066883460,6.800389747,7.799023380,20,0,0,0.002143176,0.009584573,-0.002342542,0.006628894,1,0,19
bimodal,low,tetris,binpack,20,0.000000000,0.000000000,0.000000000,0.000000000,0,0,20,0.000000000,0.000000000,0.000000000,0.000000000,0,0,20,0.000369586,0.001163408,-0.000174906,0.000914077,3,0,17,0.050000000,0.223606798,-0.054651200,0.154651200,1,0,19,0.000000000,0.000000000,0.000000000,0.000000000,0,0,20,-0.000054754,0.000179239,-0.000138641,0.000029132,0,2,18,-0.000007714,0.000029035,-0.000021303,0.000005874,0,2,18,0.006330519,0.019860141,-0.002964313,0.015625351,3,0,17,6.471881989,1.261002825,5.881714516,7.062049462,20,0,0,0.000000000,0.000000000,0.000000000,0.000000000,0,0,20
bimodal,med,hybrid,binpack,20,-0.012000000,0.056344803,-0.038370179,0.014370179,6,12,2,-0.024078919,0.418420835,-0.219905892,0.171748055,13,7,0,0.013542371,0.036597336,-0.003585709,0.030670450,14,6,0,0.100000000,3.076224617,-1.339717401,1.539717401,10,8,2,-0.000543799,0.002395403,-0.001664882,0.000577285,6,12,2,-0.001328473,0.001795650,-0.002168863,-0.000488083,5,15,0,-0.000112102,0.000637517,-0.000410469,0.000186265,8,12,0,0.306169234,0.782047038,-0.059840037,0.672178505,15,5,0,1.368219585,0.562420999,1.104998462,1.631440708,20,0,0,-0.016116804,0.129956051,-0.076938106,0.044704499,7,11,2
bimodal,med,spread,binpack,20,-0.018000000,0.064856116,-0.048353596,0.012353596,5,10,5,0.280141625,0.517237956,0.038066816,0.522216434,14,6,0,0.039416372,0.044561405,0.018560993,0.060271751,17,3,0,1.550000000,3.501503436,-0.088754010,3.188754010,11,5,4,-0.000811348,0.002759789,-0.002102969,0.000480272,5,10,5,-0.003130677,0.002913079,-0.004494040,-0.001767314,2,18,0,-0.000288447,0.001350717,-0.000920602,0.000343708,9,11,0,0.789116279,0.989655085,0.325943454,1.252289104,17,3,0,2.372587204,0.377671582,2.195831467,2.549342941,20,0,0,-0.084503128,0.138324719,-0.149241087,-0.019765168,4,14,2
bimodal,med,tetris,binpack,20,-0.054000000,0.048166378,-0.076542558,-0.031457442,2,16,2,0.384431551,0.473923159,0.162628691,0.606234411,17,3,0,0.071077382,0.034971057,0.054710423,0.087444340,19,1,0,2.550000000,3.219594613,1.043183377,4.056816623,16,3,1,-0.002367135,0.002090336,-0.003345442,-0.001388828,2,16,2,-0.004584765,0.002250862,-0.005638201,-0.003531329,0,20,0,-0.000783689,0.001347798,-0.001414478,-0.000152900,3,17,0,1.489235074,0.789718474,1.119635460,1.858834687,19,1,0,1.808794122,0.462662858,1.592261244,2.025326999,20,0,0,-0.076291933,0.091242594,-0.118994780,-0.033589086,2,17,1
cpu_heavy,high,hybrid,binpack,20,0.004000000,0.114174382,-0.049435254,0.057435254,10,8,2,0.594718568,1.487295138,-0.101356965,1.290794101,14,6,0,0.013886975,0.202348337,-0.080814960,0.108588909,12,8,0,-0.900000000,7.853259464,-4.575438471,2.775438471,7,11,2,0.000146177,0.005613814,-0.002481169,0.002773522,10,8,2,-0.005578254,0.003420889,-0.007179279,-0.003977228,1,19,0,-0.000361491,0.001582489,-0.001102118,0.000379137,8,12,0,-0.561731204,2.931232706,-1.933590303,0.810127895,11,9,0,1.318748623,0.382120489,1.139910734,1.497586512,20,0,0,-0.039180966,0.122999799,-0.096746643,0.018384710,7,13,0
cpu_heavy,high,spread,binpack,20,0.040000000,0.114432237,-0.013555934,0.093555934,12,7,1,0.661494460,1.156498441,0.120236543,1.202752378,15,5,0,-0.045289097,0.158813525,-0.119616113,0.029037918,8,12,0,-2.800000000,7.743248332,-6.423951678,0.823951678,8,12,0,0.002007246,0.005630549,-0.000627932,0.004642424,12,7,1,-0.003380429,0.003809193,-0.005163186,-0.001597672,5,15,0,-0.000141599,0.001363876,-0.000779913,0.000496714,8,12,0,-1.177175960,2.422321118,-2.310857110,-0.043494809,7,13,0,1.623726658,0.204012740,1.528245759,1.719207557,20,0,0,-0.047129522,0.078515673,-0.083875987,-0.010383057,6,14,0
cpu_heavy,high,tetris,binpack,20,0.022000000,0.146380902,-0.046508369,0.090508369,11,8,1,0.979420118,1.726465745,0.171409298,1.787430938,16,4,0,-0.000229447,0.224602469,-0.105346636,0.104887741,11,9,0,-1.600000000,9.599342083,-6.092630270,2.892630270,8,10,2,0.001046584,0.007178478,-0.002313047,0.004406215,11,8,1,-0.006046659,0.003623099,-0.007742321,-0.004350997,1,19,0,-0.000199406,0.001871714,-0.001075396,0.000676583,7,13,0,-0.710346457,3.502664946,-2.349644070,0.928951156,9,11,0,1.444243984,0.353197123,1.278942646,1.609545321,20,0,0,-0.062397102,0.090433925,-0.104721481,-0.020072723,5,15,0
cpu_heavy,low,hybrid,binpack,20,0.000000000,0.000000000,0.000000000,0.000000000,0,0,20,0.000000000,0.000000000,0.000000000,0.000000000,0,0,20,0.001336394,0.002529172,0.000152705,0.002520083,9,0,11,0.000000000,0.000000000,0.000000000,0.000000000,0,0,20,0.000000000,0.000000000,0.000000000,0.000000000,0,0,20,-0.000028112,0.000091069,-0.000070734,0.000014509,0,3,17,-0.000004213,0.000013661,-0.000010607,0.000002181,0,3,17,0.014742993,0.028145793,0.001570356,0.027915629,9,0,11,6.513966020,1.289142694,5.910628683,7.117303356,20,0,0,0.000000000,0.000000000,0.000000000,0.000000000,0,0,20
cpu_heavy,low,spread,binpack,20,0.000000000,0.000000000,0.000000000,0.000000000,0,0,20,0.000000000,0.000000000,0.000000000,0.000000000,0,0,20,0.000843411,0.002194587,-0.000183688,0.001870509,6,0,14,0.000000000,0.000000000,0.000000000,0.000000000,0,0,20,0.000000000,0.000000000,0.000000000,0.000000000,0,0,20,-0.000000000,0.000000000,-0.000000000,0.000000000,0,0,20,0.000000000,0.000000000,-0.000000000,0.000000000,0,0,20,0.009370617,0.024474949,-0.002084012,0.020825245,6,0,14,7.107408863,1.005174349,6.636972799,7.577844927,20,0,0,0.000000000,0.000000000,0.000000000,0.000000000,0,0,20
cpu_heavy,low,tetris,binpack,20,0.000000000,0.000000000,0.000000000,0.000000000,0,0,20,0.000000000,0.000000000,0.000000000,0.000000000,0,0,20,0.001423876,0.002615213,0.000199919,0.002647833,10,0,10,0.000000000,0.000000000,0.000000000,0.000000000,0,0,20,0.000000000,0.000000000,0.000000000,0.000000000,0,0,20,-0.000027905,0.000075013,-0.000063012,0.000007202,0,4,16,-0.000004131,0.000011232,-0.000009388,0.000001126,0,4,16,0.015727796,0.029214452,0.002055012,0.029400581,10,0,10,6.746312499,1.249140678,6.161696681,7.330928316,20,0,0,0.000000000,0.000000000,0.000000000,0.000000000,0,0,20
cpu_heavy,med,hybrid,binpack,20,-0.075000000,0.060131435,-0.103142377,-0.046857623,2,18,0,1.001825275,1.040567319,0.514824791,1.488825759,18,2,0,0.190588265,0.103180393,0.142298356,0.238878174,20,0,0,3.950000000,3.762348091,2.189166937,5.710833063,17,2,1,-0.004830934,0.003770513,-0.006595588,-0.003066279,2,18,0,-0.007389321,0.004270724,-0.009388082,-0.005390561,0,20,0,-0.001107425,0.000737307,-0.001452495,-0.000762355,1,19,0,2.738593956,1.528289405,2.023332516,3.453855396,20,0,0,1.793298756,0.515349374,1.552107831,2.034489681,20,0,0,-0.103297484,0.091201940,-0.145981305,-0.060613664,3,17,0
cpu_heavy,med,spread,binpack,20,-0.031000000,0.066006379,-0.061891936,-0.000108064,5,12,3,0.581971049,0.747071781,0.232330702,0.931611396,16,4,0,0.080529149,0.061202654,0.051885426,0.109172872,18,2,0,1.250000000,4.102310004,-0.669940132,3.169940132,13,5,2,-0.001985672,0.004230319,-0.003965522,-0.000005822,5,12,3,-0.003513605,0.002590212,-0.004725861,-0.002301349,2,18,0,-0.000380074,0.000554151,-0.000639424,-0.000120723,4,16,0,1.141001637,0.827008172,0.753949908,1.528053366,19,1,0,2.206379570,0.279608817,2.075518619,2.337240521,20,0,0,-0.092181495,0.079964299,-0.129605938,-0.054757052,3,17,0
cpu_heavy,med,tetris,binpack,20,-0.075000000,0.055393330,-0.100924876,-0.049075124,1,19,0,1.185622663,1.044419947,0.696819094,1.674426232,18,1,1,0.183132643,0.075452990,0.147819557,0.218445728,20,0,0,4.050000000,3.619755735,2.355902212,5.744097788,18,2,0,-0.004847953,0.003565870,-0.006516831,-0.003179075,1,19,0,-0.008039083,0.003664047,-0.009753910,-0.006324257,0,20,0,-0.001118640,0.000583888,-0.001391908,-0.000845372,0,20,0,2.556153589,1.110359980,2.036489136,3.075818043,20,0,0,1.951932493,0.477412694,1.728496481,2.175368506,20,0,0,-0.128062894,0.068795894,-0.160260362,-0.095865426,1,19,0
drift,high,hybrid,binpack,20,0.647000000,0.538273067,0.395080457,0.898919543,17,3,0,0.066422862,1.221778867,-0.505387234,0.638232959,9,11,0,-0.876573443,0.652791624,-1.182089319,-0.571057566,2,18,0,-30.650000000,33.910524682,-46.520613668,-14.779386332,2,18,0,0.021770954,0.018423055,0.013148699,0.030393208,17,3,0,-0.001174622,0.001708121,-0.001974047,-0.000375196,4,16,0,0.026951528,0.019087305,0.018018395,0.035884662,18,2,0,-18.072102151,11.361622468,-23.389505008,-12.754699294,3,17,0,0.897790561,0.257230867,0.777402812,1.018178309,20,0,0,0.252345866,0.287548354,0.117769097,0.386922634,17,3,0
drift,high,spread,binpack,20,0.434000000,0.345686198,0.272213884,0.595786116,19,1,0,-0.052775542,1.097054860,-0.566213008,0.460661924,7,13,0,-0.608726326,0.480473605,-0.833594889,-0.383857763,3,17,0,-19.100000000,29.582889792,-32.945218246,-5.254781754,5,15,0,0.014613937,0.011542918,0.009211686,0.020016189,19,1,0,-0.000670417,0.001372315,-0.001312680,-0.000028154,7,13,0,0.019452939,0.013137705,0.013304304,0.025601574,20,0,0,-12.217804581,7.950053494,-15.938544051,-8.497065111,1,19,0,1.116985748,0.126595284,1.057737333,1.176234163,20,0,0,0.201825219,0.186069031,0.114742235,0.288908204,17,3,0
drift,high,tetris,binpack,20,0.810000000,0.501513499,0.575284464,1.044715536,19,1,0,0.170389448,1.653671663,-0.603552694,0.944331589,7,13,0,-1.036478067,0.539590564,-1.289014218,-0.783941916,0,20,0,-40.400000000,32.551821034,-55.634720803,-25.165279197,2,18,0,0.027215889,0.016870391,0.019320303,0.035111475,19,1,0,-0.002401188,0.002152695,-0.003408680,-0.001393696,2,18,0,0.033119111,0.017941145,0.024722397,0.041515825,20,0,0,-20.651380973,10.401600083,-25.519479535,-15.783282411,0,20,0,0.983418014,0.245347034,0.868592070,1.098243957,20,0,0,0.330871245,0.246727154,0.215399386,0.446343105,19,1,0
drift,low,hybrid,binpack,20,0.000000000,0.000000000,0.000000000,0.000000000,0,0,20,0.405094778,0.396566466,0.219495963,0.590693592,19,1,0,0.055304400,0.026576008,0.042866446,0.067742354,20,0,0,0.000000000,0.000000000,0.000000000,0.000000000,0,0,20,0.000000000,0.000000000,0.000000000,0.000000000,0,0,20,-0.000000000,0.000000000,-0.000000000,0.000000000,0,0,20,-0.000000000,0.000000000,-0.000000000,0.000000000,0,0,20,0.898300812,0.444711950,0.690169218,1.106432405,20,0,0,3.067936550,1.381210591,2.421510112,3.714362988,20,0,0,0.000000000,0.000000000,0.000000000,0.000000000,0,0,20
drift,low,spread,binpack,20,0.000000000,0.000000000,0.000000000,0.000000000,0,0,20,0.197433355,0.304841609,0.054763094,0.340103616,17,1,2,0.021714766,0.021320578,0.011736428,0.031693103,17,3,0,0.000000000,0.000000000,0.000000000,0.000000000,0,0,20,0.000000000,0.000000000,0.000000000,0.000000000,0,0,20,-0.000000000,0.000000000,-0.000000000,0.000000000,0,0,20,-0.000000000,0.000000000,-0.000000000,0.000000000,0,0,20,0.350194197,0.342723301,0.189794759,0.510593635,17,3,0,4.397803813,0.594678151,4.119485878,4.676121747,20,0,0,0.000000000,0.000000000,0.000000000,0.000000000,0,0,20
drift,low,tetris,binpack,20,0.000000000,0.000000000,0.000000000,0.000000000,0,0,20,0.448742829,0.459422440,0.233726514,0.663759144,19,1,0,0.060667897,0.033832418,0.044833838,0.076501955,19,1,0,0.000000000,0.000000000,0.000000000,0.000000000,0,0,20,0.000000000,0.000000000,0.000000000,0.000000000,0,0,20,-0.000000000,0.000000000,-0.000000000,-0.000000000,0,0,20,-0.000000000,0.000000000,-0.000000000,0.000000000,0,0,20,0.978825151,0.550346651,0.721254997,1.236395306,19,1,0,3.847431274,1.045993684,3.357891174,4.336971375,20,0,0,0.000000000,0.000000000,0.000000000,0.000000000,0,0,20
drift,med,hybrid,binpack,20,0.288000000,0.197819695,0.195417535,0.380582465,18,2,0,0.659818713,1.111936155,0.139416587,1.180220838,16,4,0,-0.361131089,0.230218700,-0.468876755,-0.253385424,1,19,0,-13.850000000,10.509519494,-18.768606400,-8.931393600,1,19,0,0.012409585,0.008212829,0.008565863,0.016253308,18,2,0,0.002465892,0.002891698,0.001112536,0.003819248,16,4,0,0.009926560,0.008421930,0.005984975,0.013868144,18,2,0,-7.449075133,4.626287445,-9.614244249,-5.283906016,1,19,0,1.163469951,0.334604755,1.006870110,1.320069793,20,0,0,0.111931889,0.156431511,0.038719690,0.185144088,15,5,0
drift,med,spread,binpack,20,0.137000000,0.230448076,0.029146983,0.244853017,16,4,0,0.433994154,0.415577911,0.239497709,0.628490598,18,2,0,-0.239536502,0.257250096,-0.359933249,-0.119139754,4,16,0,-8.650000000,12.799157045,-14.640189731,-2.659810269,4,16,0,0.006012703,0.009946988,0.001357369,0.010668036,16,4,0,0.002268258,0.003652314,0.000558923,0.003977594,15,5,0,0.007434061,0.009599621,0.002941300,0.011926822,15,5,0,-4.766056668,4.933760035,-7.075127382,-2.456985954,3,17,0,1.446509029,0.179540124,1.362481667,1.530536391,20,0,0,0.086403021,0.150785350,0.015833307,0.156972735,14,6,0
drift,med,tetris,binpack,20,0.282000000,0.211849003,0.182851617,0.381148383,18,2,0,1.019453910,1.712437967,0.218008292,1.820899528,16,4,0,-0.361488466,0.237609108,-0.472692949,-0.250283983,2,18,0,-15.250000000,13.423761337,-21.532513531,-8.967486469,1,18,1,0.012172414,0.009101878,0.007912604,0.016432224,18,2,0,0.002423128,0.003664866,0.000707917,0.004138338,16,4,0,0.011648025,0.011036986,0.006482557,0.016813494,17,3,0,-7.308987853,4.535993832,-9.431898259,-5.186077448,1,19,0,1.281665733,0.316693244,1.133448736,1.429882730,20,0,0,0.154104638,0.179276196,0.070200798,0.238008478,17,3,0
pred_error,high,hybrid,binpack,20,0.004000000,0.081975606,-0.034365764,0.042365764,8,11,1,0.610223256,1.183304255,0.056419832,1.164026680,13,7,0,-0.007447552,0.100848139,-0.054645933,0.039750828,9,11,0,0.700000000,4.691537735,-1.495707191,2.895707191,11,7,2,0.000232959,0.003940497,-0.001611250,0.002077168,8,11,1,-0.003912909,0.002475143,-0.005071311,-0.002754506,1,19,0,0.000025571,0.001286403,-0.000576484,0.000627626,10,10,0,-0.515785841,1.585097837,-1.257634445,0.226062763,8,12,0,1.255988237,0.386933867,1.074897617,1.437078856,20,0,0,-0.062948142,0.123615389,-0.120801923,-0.005094361,6,14,0
pred_error,high,spread,binpack,20,-0.034000000,0.066522651,-0.065133558,-0.002866442,5,12,3,0.286361425,1.273910575,-0.309847061,0.882569911,13,7,0,-0.005814393,0.136946913,-0.069907520,0.058278734,9,11,0,1.750000000,4.655217786,-0.428708932,3.928708932,11,7,2,-0.001592615,0.003126893,-0.003056046,-0.000129184,5,12,3,-0.001980475,0.002883113,-0.003329813,-0.000631137,3,17,0,-0.000389568,0.001617624,-0.001146639,0.000367504,7,13,0,-0.267810304,1.869480567,-1.142754119,0.607133511,9,11,0,1.613578846,0.203765588,1.518213618,1.708944074,20,0,0,-0.024934811,0.112443435,-0.077559957,0.027690336,8,12,0
pred_error,high,tetris,binpack,20,-0.004000000,0.095056770,-0.048487937,0.040487937,11,8,1,0.791471851,1.296800359,0.184550617,1.398393086,14,6,0,0.009447683,0.126973382,-0.049977688,0.068873053,9,11,0,0.150000000,5.896252155,-2.609530881,2.909530881,6,14,0,-0.000147058,0.004489803,-0.002248351,0.001954234,11,8,1,-0.004681211,0.002473601,-0.005838892,-0.003523530,0,20,0,-0.000165283,0.001733712,-0.000976685,0.000646119,9,11,0,-0.320340887,2.129883514,-1.317157030,0.676475255,4,16,0,1.414052565,0.381801469,1.235363981,1.592741148,20,0,0,-0.076477699,0.094135547,-0.120534490,-0.032420908,4,16,0
pred_error,low,hybrid,binpack,20,0.000000000,0.000000000,0.000000000,0.000000000,0,0,20,0.000000000,0.000000000,0.000000000,0.000000000,0,0,20,0.000559576,0.001552772,-0.000167144,0.001286296,7,0,13,0.000000000,0.000000000,0.000000000,0.000000000,0,0,20,0.000000000,0.000000000,0.000000000,0.000000000,0,0,20,-0.000004348,0.000013383,-0.000010611,0.000001915,0,2,18,-0.000000652,0.000002007,-0.000001592,0.000000287,0,2,18,0.006409140,0.017936165,-0.001985243,0.014803523,7,0,13,6.439041141,1.426906692,5.771228270,7.106854012,20,0,0,0.000000000,0.000000000,0.000000000,0.000000000,0,0,20
pred_error,low,spread,binpack,20,0.000000000,0.000000000,0.000000000,0.000000000,0,0,20,0.000000000,0.000000000,0.000000000,0.000000000,0,0,20,0.000009806,0.000043853,-0.000010718,0.000030330,1,0,19,0.000000000,0.000000000,0.000000000,0.000000000,0,0,20,0.000000000,0.000000000,0.000000000,0.000000000,0,0,20,0.000000000,0.000000000,0.000000000,0.000000000,0,0,20,0.000000000,0.000000000,0.000000000,0.000000000,0,0,20,0.000113747,0.000508692,-0.000124328,0.000351822,1,0,19,7.164035115,1.108300161,6.645334686,7.682735543,20,0,0,0.000000000,0.000000000,0.000000000,0.000000000,0,0,20
pred_error,low,tetris,binpack,20,0.000000000,0.000000000,0.000000000,0.000000000,0,0,20,0.000000000,0.000000000,0.000000000,0.000000000,0,0,20,0.000751807,0.001448604,0.000073840,0.001429774,9,0,11,0.000000000,0.000000000,0.000000000,0.000000000,0,0,20,0.000000000,0.000000000,0.000000000,0.000000000,0,0,20,-0.000018236,0.000052507,-0.000042810,0.000006338,0,3,17,-0.000002735,0.000007876,-0.000006422,0.000000951,0,3,17,0.008535629,0.016439201,0.000841846,0.016229411,9,0,11,6.749357864,1.414535137,6.087335059,7.411380669,20,0,0,0.000000000,0.000000000,0.000000000,0.000000000,0,0,20
pred_error,med,hybrid,binpack,20,-0.064000000,0.089348519,-0.105816393,-0.022183607,3,15,2,0.874792239,0.975683544,0.418158297,1.331426182,17,3,0,0.152788807,0.083008511,0.113939629,0.191637985,20,0,0,2.700000000,4.758372123,0.473013353,4.926986647,15,4,1,-0.003952962,0.005319041,-0.006442350,-0.001463574,3,15,2,-0.006857851,0.004456882,-0.008943736,-0.004771966,0,20,0,-0.000968313,0.000779798,-0.001333270,-0.000603357,1,19,0,2.204204900,1.203790914,1.640813424,2.767596375,20,0,0,1.730269553,0.604561686,1.447325981,2.013213124,20,0,0,-0.112171563,0.111324804,-0.164273174,-0.060069952,2,18,0
pred_error,med,spread,binpack,20,-0.038000000,0.066459327,-0.069103922,-0.006896078,4,13,3,0.492245155,0.635859682,0.194653672,0.789836639,16,4,0,0.077292905,0.048013246,0.054822015,0.099763795,19,1,0,2.100000000,2.863564213,0.759810730,3.440189270,14,1,5,-0.002363785,0.004049039,-0.004258793,-0.000468776,4,13,3,-0.003373413,0.002751763,-0.004661278,-0.002085549,2,18,0,-0.000528339,0.000517997,-0.000770769,-0.000285909,5,15,0,1.080627702,0.738444394,0.735025096,1.426230308,19,1,0,2.242452458,0.374040927,2.067395920,2.417508996,20,0,0,-0.080514548,0.093811702,-0.124419774,-0.036609321,3,17,0
pred_error,med,tetris,binpack,20,-0.071000000,0.084224012,-0.110418050,-0.031581950,3,15,2,1.161916251,0.950378968,0.717125214,1.606707288,19,1,0,0.171993260,0.085138074,0.132147416,0.211839103,20,0,0,3.750000000,4.586880605,1.603273852,5.896726148,17,2,1,-0.004365172,0.005115595,-0.006759344,-0.001971000,3,15,2,-0.008269757,0.004087261,-0.010182654,-0.006356859,1,19,0,-0.001123912,0.000728872,-0.001465034,-0.000782789,2,18,0,2.457884001,1.247427242,1.874070096,3.041697906,20,0,0,1.943932454,0.610273305,1.658315763,2.229549145,20,0,0,-0.130417527,0.115128841,-0.184299481,-0.076535572,1,19,0
ram_heavy,high,hybrid,binpack,20,0.106000000,0.128325245,0.045941938,0.166058062,17,2,1,0.392912308,0.646689048,0.090252525,0.695572091,15,5,0,-0.125861990,0.114221195,-0.179319153,-0.072404826,1,19,0,-4.300000000,7.138479862,-7.640911328,-0.959088672,5,14,1,0.003000516,0.003606974,0.001312400,0.004688631,17,2,1,0.000509876,0.003163943,-0.000970895,0.001990647,13,7,0,0.001067798,0.002657447,-0.000175926,0.002311521,11,9,0,-3.506344036,3.320579054,-5.060422830,-1.952265241,1,19,0,0.635143639,0.847396191,0.238550024,1.031737254,10,10,0,0.012658230,0.083450647,-0.026397874,0.051714334,11,9,0
ram_heavy,high,spread,binpack,20,0.058000000,0.113490088,0.004885005,0.111114995,13,4,3,0.267987365,0.758444281,-0.086975476,0.622950206,14,6,0,-0.087876112,0.107715462,-0.138288498,-0.037463725,5,15,0,-3.400000000,6.235720530,-6.318406967,-0.481593033,5,14,1,0.001632237,0.003178077,0.000144852,0.003119623,13,4,3,0.001214293,0.002357609,0.000110898,0.002317688,14,6,0,0.000565870,0.002579767,-0.000641498,0.001773238,9,11,0,-2.413181744,2.886219696,-3.763974106,-1.062389381,4,16,0,1.736761988,0.243894119,1.622616030,1.850907946,20,0,0,0.000064055,0.073659733,-0.034409760,0.034537870,11,9,0
ram_heavy,high,tetris,binpack,20,0.114000000,0.154115473,0.041871740,0.186128260,13,6,1,0.361627635,0.815927703,-0.020238274,0.743493545,12,8,0,-0.142447632,0.137924886,-0.206998464,-0.077896800,4,16,0,-4.400000000,9.489051863,-8.841012860,0.041012860,8,12,0,0.003204588,0.004288486,0.001197515,0.005211661,13,6,1,0.001291748,0.003022220,-0.000122694,0.002706191,14,6,0,0.001005962,0.002633310,-0.000226464,0.002238389,14,6,0,-4.204609971,4.277789949,-6.206677243,-2.202542699,4,16,0,1.183248664,0.679035210,0.865450412,1.501046916,20,0,0,-0.004467562,0.106730485,-0.054418965,0.045483842,12,8,0
ram_heavy,low,hybrid,binpack,20,0.000000000,0.000000000,0.000000000,0.000000000,0,0,20,0.000000000,0.000000000,0.000000000,0.000000000,0,0,20,0.000229913,0.000990214,-0.000233522,0.000693348,2,0,18,0.000000000,0.000000000,0.000000000,0.000000000,0,0,20,0.000000000,0.000000000,0.000000000,0.000000000,0,0,20,-0.000000440,0.000001969,-0.000001362,0.000000481,0,1,19,-0.000001057,0.000004726,-0.000003269,0.000001155,0,1,19,0.005049209,0.021845947,-0.005175008,0.015273427,2,0,18,4.247337342,3.399486700,2.656328633,5.838346050,19,1,0,0.000000000,0.000000000,0.000000000,0.000000000,0,0,20
ram_heavy,low,spread,binpack,20,0.000000000,0.000000000,0.000000000,0.000000000,0,0,20,0.000000000,0.000000000,0.000000000,0.000000000,0,0,20,0.000067786,0.000259566,-0.000053694,0.000189267,2,0,18,0.000000000,0.000000000,0.000000000,0.000000000,0,0,20,0.000000000,0.000000000,0.000000000,0.000000000,0,0,20,-0.000000541,0.000002421,-0.000001674,0.000000592,0,1,19,-0.000001299,0.000005810,-0.000004018,0.000001420,0,1,19,0.001467498,0.005712195,-0.001205891,0.004140888,2,0,18,7.485314928,1.150808573,6.946719950,8.023909905,20,0,0,0.000000000,0.000000000,0.000000000,0.000000000,0,0,20
ram_heavy,low,tetris,binpack,20,0.000000000,0.000000000,0.000000000,0.000000000,0,0,20,0.000000000,0.000000000,0.000000000,0.000000000,0,0,20,0.000111801,0.000376225,-0.000064278,0.000287880,2,0,18,0.000000000,0.000000000,0.000000000,0.000000000,0,0,20,0.000000000,0.000000000,0.000000000,0.000000000,0,0,20,-0.000001740,0.000007783,-0.000005383,0.000001902,0,1,19,-0.000004177,0.000018680,-0.000012919,0.000004565,0,1,19,0.002376731,0.008173510,-0.001448589,0.006202052,2,0,18,5.985860240,2.431295461,4.847978967,7.123741512,20,0,0,0.000000000,0.000000000,0.000000000,0.000000000,0,0,20
ram_heavy,med,hybrid,binpack,20,-0.021000000,0.066324561,-0.052040849,0.010040849,7,12,1,0.137538915,0.256925284,0.017294184,0.257783647,16,4,0,0.024667156,0.063175902,-0.004900076,0.054234388,15,5,0,1.550000000,3.531437757,-0.102763703,3.202763703,14,5,1,-0.000834581,0.002528057,-0.002017748,0.000348586,7,12,1,-0.000803171,0.001036430,-0.001288235,-0.000318107,4,16,0,-0.001654844,0.002174835,-0.002672698,-0.000636989,3,17,0,0.549428587,1.661481481,-0.228168662,1.327025836,15,5,0,0.908270714,1.156070152,0.367213242,1.449328186,11,9,0,-0.024382656,0.102286456,-0.072254190,0.023488878,5,15,0
ram_heavy,med,spread,binpack,20,-0.027000000,0.061310255,-0.055694082,0.001694082,3,13,4,0.175836130,0.251486360,0.058136894,0.293535367,16,4,0,0.026243547,0.045818711,0.004799731,0.047687363,17,3,0,1.350000000,3.297127937,-0.193103334,2.893103334,10,7,3,-0.001030344,0.002329033,-0.002120365,0.000059677,3,13,4,-0.000711329,0.000737001,-0.001056256,-0.000366402,4,16,0,-0.001437069,0.001452215,-0.002116726,-0.000757412,3,17,0,0.621983968,1.199392150,0.060651178,1.183316759,17,3,0,2.313021915,0.434816201,2.109521674,2.516522156,20,0,0,-0.047146855,0.076938326,-0.083155098,-0.011138611,6,14,0
ram_heavy,med,tetris,binpack,20,-0.046000000,0.072285982,-0.079830880,-0.012169120,4,15,1,0.289730171,0.153852125,0.217725162,0.361735180,20,0,0,0.040312967,0.065044166,0.009871361,0.070754572,17,3,0,2.500000000,4.173853451,0.546576505,4.453423495,13,6,1,-0.001794037,0.002741509,-0.003077102,-0.000510971,4,15,1,-0.001048131,0.001007914,-0.001519849,-0.000576413,1,19,0,-0.002406768,0.002012907,-0.003348837,-0.001464698,1,19,0,0.935830917,1.706980310,0.136939561,1.734722273,17,3,0,1.619527098,0.974239841,1.163568829,2.075485367,20,0,0,-0.069202562,0.092399517,-0.112446866,-0.025958259,3,17,0
tiny_large,high,hybrid,binpack,20,0.136000000,0.222294257,0.031963088,0.240036912,15,4,1,0.204938855,0.846846252,-0.191397381,0.601275090,10,10,0,-0.154144343,0.181906614,-0.239279256,-0.069009429,4,16,0,-5.450000000,17.282406631,-13.538415070,2.638415070,7,10,3,0.003425495,0.005573347,0.000817088,0.006033901,15,4,1,0.000895201,0.002418231,-0.000236566,0.002026968,12,8,0,0.001909909,0.005662260,-0.000740110,0.004559928,12,8,0,-5.661270659,5.754734179,-8.354569090,-2.967972228,3,17,0,0.882965439,0.560486959,0.620649475,1.145281404,20,0,0,0.003325396,0.132761768,-0.058809023,0.065459815,9,11,0
tiny_large,high,spread,binpack,20,0.093000000,0.323876195,-0.058578721,0.244578721,11,9,0,0.248389944,0.747119272,-0.101272629,0.598052518,11,9,0,-0.108335487,0.297906910,-0.247760209,0.031089235,10,10,0,-3.550000000,20.763011139,-13.267388081,6.167388081,10,10,0,0.002370529,0.008204072,-0.001469095,0.006210153,11,9,0,0.000479805,0.002958221,-0.000904686,0.001864295,9,11,0,0.001204097,0.006358513,-0.001771779,0.004179972,10,10,0,-3.872973974,9.730905906,-8.427178007,0.681230059,10,10,0,1.833034735,0.278308108,1.702782534,1.963286936,20,0,0,-0.011141746,0.125625476,-0.069936277,0.047652785,10,10,0
tiny_large,high,tetris,binpack,20,0.261000000,0.277164211,0.131283160,0.390716840,18,2,0,0.448201957,0.954011434,0.001710874,0.894693040,16,4,0,-0.277893502,0.236589741,-0.388620907,-0.167166098,3,17,0,-12.700000000,22.534418120,-23.246432046,-2.153567954,4,15,1,0.006651765,0.007001517,0.003374954,0.009928575,18,2,0,0.000407612,0.003616684,-0.001285048,0.002100272,11,9,0,0.003905142,0.006898904,0.000676355,0.007133928,14,6,0,-10.003562265,7.404287752,-13.468875512,-6.538249018,3,17,0,1.350300649,0.619536743,1.060348536,1.640252763,20,0,0,-0.063086572,0.167587763,-0.141520057,0.015346913,8,12,0
tiny_large,low,hybrid,binpack,20,0.000000000,0.000000000,0.000000000,0.000000000,0,0,20,0.000000000,0.000000000,0.000000000,0.000000000,0,0,20,0.000276636,0.000925017,-0.000156285,0.000709558,2,0,18,0.000000000,0.000000000,0.000000000,0.000000000,0,0,20,0.000000000,0.000000000,0.000000000,0.000000000,0,0,20,0.000000000,0.000000000,-0.000000000,0.000000000,0,0,20,-0.000000000,0.000000000,-0.000000000,0.000000000,0,0,20,0.006177251,0.020640849,-0.003482964,0.015837465,2,0,18,5.335059427,1.954308250,4.420415035,6.249703819,20,0,0,0.000000000,0.000000000,0.000000000,0.000000000,0,0,20
tiny_large,low,spread,binpack,20,0.000000000,0.000000000,0.000000000,0.000000000,0,0,20,0.000000000,0.000000000,0.000000000,0.000000000,0,0,20,0.000224228,0.000742063,-0.000123068,0.000571525,2,0,18,0.000000000,0.000000000,0.000000000,0.000000000,0,0,20,0.000000000,0.000000000,0.000000000,0.000000000,0,0,20,-0.000000000,0.000000000,-0.000000000,0.000000000,0,0,20,-0.000000000,0.000000000,-0.000000000,0.000000000,0,0,20,0.005007302,0.016559751,-0.002742900,0.012757504,2,0,18,7.633728975,0.973918778,7.177920968,8.089536982,20,0,0,0.000000000,0.000000000,0.000000000,0.000000000,0,0,20
tiny_large,low,tetris,binpack,20,0.000000000,0.000000000,0.000000000,0.000000000,0,0,20,0.000000000,0.000000000,0.000000000,0.000000000,0,0,20,0.000253157,0.001187726,-0.000302716,0.000809030,1,1,18,0.000000000,0.000000000,0.000000000,0.000000000,0,0,20,0.000000000,0.000000000,0.000000000,0.000000000,0,0,20,0.000000000,0.000000000,-0.000000000,0.000000000,0,0,20,0.000000000,0.000000000,-0.000000000,0.000000000,0,0,20,0.005644235,0.026486795,-0.006751967,0.018040436,1,1,18,6.689313428,1.672984860,5.906332433,7.472294424,20,0,0,0.000000000,0.000000000,0.000000000,0.000000000,0,0,20
tiny_large,med,hybrid,binpack,20,-0.047000000,0.053222472,-0.071908883,-0.022091117,4,15,1,0.449072550,0.445314073,0.240659154,0.657485946,16,4,0,0.049107031,0.050534154,0.025456320,0.072757742,18,2,0,3.150000000,5.029125696,0.796296784,5.503703216,14,6,0,-0.001574718,0.001758773,-0.002397849,-0.000751587,4,15,1,-0.005551641,0.004318596,-0.007572807,-0.003530476,1,19,0,-0.001642824,0.002270743,-0.002705565,-0.000580084,4,16,0,1.323734504,1.420395519,0.658968956,1.988500053,17,3,0,1.237079300,0.803250828,0.861146350,1.613012250,20,0,0,-0.143278396,0.203546013,-0.238540859,-0.048015932,4,15,1
tiny_large,med,spread,binpack,20,-0.032000000,0.050429732,-0.055601841,-0.008398159,4,13,3,0.191372687,0.346192780,0.029349482,0.353395891,14,6,0,0.021290200,0.035046605,0.004887885,0.037692516,16,4,0,1.450000000,3.068944615,0.013689745,2.886310255,14,4,2,-0.001059646,0.001665312,-0.001839036,-0.000280256,4,13,3,-0.002554693,0.003425050,-0.004157665,-0.000951720,5,15,0,-0.000412389,0.001690940,-0.001203774,0.000378995,7,13,0,0.569768208,1.015566399,0.094468515,1.045067901,16,4,0,2.396145591,0.436102370,2.192043405,2.600247778,20,0,0,-0.103234560,0.168687225,-0.182182609,-0.024286510,4,15,1
tiny_large,med,tetris,binpack,20,-0.068000000,0.060314963,-0.096228271,-0.039771729,3,17,0,0.444076279,0.485345450,0.216927623,0.671224936,17,3,0,0.066568949,0.055695474,0.040502665,0.092635232,18,2,0,5.100000000,5.118593557,2.704424537,7.495575463,18,2,0,-0.002267568,0.002018967,-0.003212474,-0.001322662,3,17,0,-0.007708524,0.005343846,-0.010209521,-0.005207527,0,20,0,-0.001496953,0.002628199,-0.002726988,-0.000266918,4,16,0,1.775440888,1.593200501,1.029800120,2.521081655,18,2,0,1.791329670,0.822582071,1.406349420,2.176309919,20,0,0,-0.250779066,0.219927490,-0.353708297,-0.147849836,2,18,0
