family,cluster_config,load,policy,baseline,n_pairs,mean_delta_throughput_horizon,sd_delta_throughput_horizon,ci95_low_delta_throughput_horizon,ci95_high_delta_throughput_horizon,wins_throughput_horizon,losses_throughput_horizon,ties_throughput_horizon,mean_delta_p95_wait_time,sd_delta_p95_wait_time,ci95_low_delta_p95_wait_time,ci95_high_delta_p95_wait_time,wins_p95_wait_time,losses_p95_wait_time,ties_p95_wait_time,mean_delta_mean_wait_time,sd_delta_mean_wait_time,ci95_low_delta_mean_wait_time,ci95_high_delta_mean_wait_time,wins_mean_wait_time,losses_mean_wait_time,ties_mean_wait_time,mean_delta_queued_at_horizon,sd_delta_queued_at_horizon,ci95_low_delta_queued_at_horizon,ci95_high_delta_queued_at_horizon,wins_queued_at_horizon,losses_queued_at_horizon,ties_queued_at_horizon,mean_delta_completion_ratio_horizon,sd_delta_completion_ratio_horizon,ci95_low_delta_completion_ratio_horizon,ci95_high_delta_completion_ratio_horizon,wins_completion_ratio_horizon,losses_completion_ratio_horizon,ties_completion_ratio_horizon,mean_delta_time_weighted_cpu_utilization,sd_delta_time_weighted_cpu_utilization,ci95_low_delta_time_weighted_cpu_utilization,ci95_high_delta_time_weighted_cpu_utilization,wins_time_weighted_cpu_utilization,losses_time_weighted_cpu_utilization,ties_time_weighted_cpu_utilization,mean_delta_time_weighted_ram_utilization,sd_delta_time_weighted_ram_utilization,ci95_low_delta_time_weighted_ram_utilization,ci95_high_delta_time_weighted_ram_utilization,wins_time_weighted_ram_utilization,losses_time_weighted_ram_utilization,ties_time_weighted_ram_utilization,mean_delta_time_weighted_queue_length,sd_delta_time_weighted_queue_length,ci95_low_delta_time_weighted_queue_length,ci95_high_delta_time_weighted_queue_length,wins_time_weighted_queue_length,losses_time_weighted_queue_length,ties_time_weighted_queue_length,mean_delta_time_weighted_active_nodes,sd_delta_time_weighted_active_nodes,ci95_low_delta_time_weighted_active_nodes,ci95_high_delta_time_weighted_active_nodes,wins_time_weighted_active_nodes,losses_time_weighted_active_nodes,ties_time_weighted_active_nodes,mean_delta_drained_throughput,sd_delta_drained_throughput,ci95_low_delta_drained_throughput,ci95_high_delta_drained_throughput,wins_drained_throughput,losses_drained_throughput,ties_drained_throughput
balanced,homog,low,spread,binpack,10,0.000000000,0.000000000,0.000000000,0.000000000,0,0,10,0.000000000,0.000000000,0.000000000,0.000000000,0,0,10,0.000888779,0.002810565,-0.001121778,0.002899335,1,0,9,0.000000000,0.000000000,0.000000000,0.000000000,0,0,10,0.000000000,0.000000000,0.000000000,0.000000000,0,0,10,-0.000082970,0.000262373,-0.000270660,0.000104721,0,1,9,-0.000049782,0.000157424,-0.000162396,0.000062832,0,1,9,0.015535851,0.049128673,-0.019608683,0.050680384,1,0,9,8.215232867,0.710804080,7.706754296,8.723711437,10,0,0,0.000000000,0.000000000,0.000000000,0.000000000,0,0,10
balanced,homog,low,tetris,binpack,10,0.000000000,0.000000000,0.000000000,0.000000000,0,0,10,0.000000000,0.000000000,0.000000000,0.000000000,0,0,10,0.000888779,0.002810565,-0.001121778,0.002899335,1,0,9,0.000000000,0.000000000,0.000000000,0.000000000,0,0,10,0.000000000,0.000000000,0.000000000,0.000000000,0,0,10,-0.000082970,0.000262373,-0.000270660,0.000104721,0,1,9,-0.000049782,0.000157424,-0.000162396,0.000062832,0,1,9,0.015535851,0.049128673,-0.019608683,0.050680384,1,0,9,8.215232867,0.710804080,7.706754296,8.723711437,10,0,0,0.000000000,0.000000000,0.000000000,0.000000000,0,0,10
balanced,homog,low,hybrid,binpack,10,0.000000000,0.000000000,0.000000000,0.000000000,0,0,10,0.000000000,0.000000000,0.000000000,0.000000000,0,0,10,0.000201616,0.000637566,-0.000254471,0.000657703,1,0,9,0.000000000,0.000000000,0.000000000,0.000000000,0,0,10,0.000000000,0.000000000,0.000000000,0.000000000,0,0,10,-0.000018361,0.000058063,-0.000059897,0.000023175,0,1,9,-0.000011017,0.000034838,-0.000035938,0.000013905,0,1,9,0.003524246,0.011144645,-0.004448152,0.011496644,1,0,9,6.101731063,0.763788968,5.555349390,6.648112737,10,0,0,0.000000000,0.000000000,0.000000000,0.000000000,0,0,10
balanced,homog,med,spread,binpack,10,-0.114000000,0.060406034,-0.157211870,-0.070788130,0,10,0,0.556628828,0.248739811,0.378691099,0.734566557,10,0,0,0.168036209,0.047748950,0.133878671,0.202193748,10,0,0,5.200000000,4.211096453,2.187563288,8.212436712,9,0,1,-0.004975226,0.002757927,-0.006948129,-0.003002324,0,10,0,-0.008050987,0.002725625,-0.010000782,-0.006101193,0,10,0,-0.004830592,0.001635375,-0.006000469,-0.003660716,0,10,0,3.511648560,0.976641579,2.813001312,4.210295808,10,0,0,2.572143290,0.282041625,2.370382880,2.773903699,10,0,0,-0.173663844,0.079386308,-0.230453384,-0.116874305,0,10,0
balanced,homog,med,tetris,binpack,10,-0.114000000,0.060406034,-0.157211870,-0.070788130,0,10,0,0.556628828,0.248739811,0.378691099,0.734566557,10,0,0,0.168036209,0.047748950,0.133878671,0.202193748,10,0,0,5.200000000,4.211096453,2.187563288,8.212436712,9,0,1,-0.004975226,0.002757927,-0.006948129,-0.003002324,0,10,0,-0.008050987,0.002725625,-0.010000782,-0.006101193,0,10,0,-0.004830592,0.001635375,-0.006000469,-0.003660716,0,10,0,3.511648560,0.976641579,2.813001312,4.210295808,10,0,0,2.572143290,0.282041625,2.370382880,2.773903699,10,0,0,-0.173663844,0.079386308,-0.230453384,-0.116874305,0,10,0
balanced,homog,med,hybrid,binpack,10,-0.114000000,0.078343971,-0.170043897,-0.057956103,1,9,0,0.725016481,0.430480524,0.417069288,1.032963674,10,0,0,0.174628478,0.054436338,0.135687070,0.213569886,10,0,0,6.100000000,4.863697725,2.620720495,9.579279505,7,0,3,-0.004963419,0.003406026,-0.007399943,-0.002526895,1,9,0,-0.008536571,0.002170871,-0.010089518,-0.006983623,0,10,0,-0.005121942,0.001302523,-0.006053711,-0.004190174,0,10,0,3.680256333,1.164463286,2.847249539,4.513263126,10,0,0,1.139096923,0.236349114,0.970022964,1.308170882,10,0,0,-0.178699129,0.084992142,-0.239498840,-0.117899417,0,10,0
balanced,homog,high,spread,binpack,10,0.054000000,0.257690598,-0.130340736,0.238340736,5,4,1,0.523220225,0.839193465,-0.077102572,1.123543023,8,2,0,-0.065006201,0.283947885,-0.268130267,0.138117864,3,7,0,-4.700000000,13.816656614,-14.583840015,5.183840015,5,5,0,0.001760900,0.008613126,-0.004400558,0.007922358,5,4,1,-0.004289730,0.005039887,-0.007895048,-0.000684412,2,8,0,-0.002573838,0.003023932,-0.004737029,-0.000410647,2,8,0,-2.781856183,6.295378856,-7.285298600,1.721586233,3,7,0,1.907735075,0.150637415,1.799975568,2.015494582,10,0,0,-0.114807693,0.069820714,-0.164754419,-0.064860966,0,10,0
balanced,homog,high,tetris,binpack,10,0.054000000,0.257690598,-0.130340736,0.238340736,5,4,1,0.523220225,0.839193465,-0.077102572,1.123543023,8,2,0,-0.065006201,0.283947885,-0.268130267,0.138117864,3,7,0,-4.700000000,13.816656614,-14.583840015,5.183840015,5,5,0,0.001760900,0.008613126,-0.004400558,0.007922358,5,4,1,-0.004289730,0.005039887,-0.007895048,-0.000684412,2,8,0,-0.002573838,0.003023932,-0.004737029,-0.000410647,2,8,0,-2.781856183,6.295378856,-7.285298600,1.721586233,3,7,0,1.907735075,0.150637415,1.799975568,2.015494582,10,0,0,-0.114807693,0.069820714,-0.164754419,-0.064860966,0,10,0
balanced,homog,high,hybrid,binpack,10,0.036000000,0.251714124,-0.144065424,0.216065424,4,5,1,0.166611857,1.242609602,-0.722297439,1.055521153,6,4,0,-0.021526360,0.262826330,-0.209540976,0.166488257,5,5,0,-3.200000000,13.652838533,-12.966651628,6.566651628,4,5,1,0.001178802,0.008436123,-0.004856036,0.007213640,4,5,1,-0.003565772,0.004813971,-0.007009478,-0.000122065,1,9,0,-0.002139463,0.002888382,-0.004205687,-0.000073239,1,9,0,-1.805243570,5.847297294,-5.988147769,2.377660629,3,7,0,0.801005605,0.061988323,0.756661833,0.845349377,10,0,0,-0.068989341,0.092226574,-0.134964253,-0.003014429,2,8,0
balanced,hetero,low,spread,binpack,10,0.000000000,0.000000000,0.000000000,0.000000000,0,0,10,0.000000000,0.000000000,0.000000000,0.000000000,0,0,10,-0.000111068,0.000351226,-0.000362320,0.000140185,0,1,9,0.000000000,0.000000000,0.000000000,0.000000000,0,0,10,0.000000000,0.000000000,0.000000000,0.000000000,0,0,10,0.000010693,0.000033816,-0.000013497,0.000034884,1,0,9,0.000005598,0.000017703,-0.000007066,0.000018262,1,0,9,-0.001952568,0.006174561,-0.006369582,0.002464447,0,1,9,6.634463005,0.876426972,6.007504963,7.261421046,10,0,0,0.000000000,0.000000000,0.000000000,0.000000000,0,0,10
balanced,hetero,low,tetris,binpack,10,0.000000000,0.000000000,0.000000000,0.000000000,0,0,10,0.000000000,0.000000000,0.000000000,0.000000000,0,0,10,-0.000113123,0.000357727,-0.000369026,0.000142779,0,1,9,0.000000000,0.000000000,0.000000000,0.000000000,0,0,10,0.000000000,0.000000000,0.000000000,0.000000000,0,0,10,0.000007671,0.000024259,-0.000009683,0.000025025,1,0,9,0.000004016,0.000012700,-0.000005069,0.000013101,1,0,9,-0.001988707,0.006288842,-0.006487473,0.002510060,0,1,9,4.505364110,0.809655173,3.926171733,5.084556488,10,0,0,0.000000000,0.000000000,0.000000000,0.000000000,0,0,10
balanced,hetero,low,hybrid,binpack,10,0.000000000,0.000000000,0.000000000,0.000000000,0,0,10,0.000000000,0.000000000,0.000000000,0.000000000,0,0,10,0.000488420,0.001544520,-0.000616463,0.001593303,1,0,9,0.000000000,0.000000000,0.000000000,0.000000000,0,0,10,0.000000000,0.000000000,0.000000000,0.000000000,0,0,10,-0.000041602,0.000131557,-0.000135713,0.000052508,0,1,9,-0.000021780,0.000068873,-0.000071049,0.000027489,0,1,9,0.008586425,0.027152660,-0.010837417,0.028010267,1,0,9,3.042235867,0.610138623,2.605769021,3.478702714,10,0,0,0.000000000,0.000000000,0.000000000,0.000000000,0,0,10
balanced,hetero,med,spread,binpack,10,-0.026000000,0.050815571,-0.062351267,0.010351267,2,8,0,0.104481020,0.350460175,-0.146223069,0.355185108,8,2,0,0.064839813,0.066111512,0.017546489,0.112133136,8,2,0,2.000000000,4.760952286,-1.405779851,5.405779851,8,2,0,-0.001111642,0.002175781,-0.002668102,0.000444818,2,8,0,-0.002527661,0.002070387,-0.004008726,-0.001046595,1,9,0,-0.001493735,0.001179852,-0.002337750,-0.000649720,1,9,0,1.369265423,1.301303909,0.438368752,2.300162094,9,1,0,2.203300659,0.359082406,1.946428598,2.460172719,10,0,0,-0.033942375,0.052200632,-0.071284455,0.003399704,3,7,0
balanced,hetero,med,tetris,binpack,10,-0.032000000,0.055936472,-0.072014539,0.008014539,3,7,0,0.194399339,0.436108865,-0.117574127,0.506372805,6,4,0,0.072616342,0.049306872,0.037344334,0.107888351,9,1,0,1.400000000,4.427188724,-1.767019800,4.567019800,6,4,0,-0.001396767,0.002416538,-0.003125454,0.000331919,3,7,0,-0.002717363,0.002113012,-0.004228921,-0.001205805,1,9,0,-0.001602638,0.001195030,-0.002457511,-0.000747766,1,9,0,1.530338642,1.050633562,0.778760723,2.281916562,9,1,0,0.779473472,0.332599723,0.541545980,1.017400964,10,0,0,-0.040047667,0.083716530,-0.099934861,0.019839527,3,7,0
balanced,hetero,med,hybrid,binpack,10,-0.036000000,0.076478029,-0.090709082,0.018709082,2,8,0,0.204781345,0.350540135,-0.045979943,0.455542633,6,4,0,0.073396525,0.054021251,0.034752053,0.112040997,10,0,0,1.200000000,5.672545970,-2.857894642,5.257894642,6,4,0,-0.001538066,0.003297869,-0.003897219,0.000821087,2,8,0,-0.002699899,0.001875166,-0.004041312,-0.001358486,1,9,0,-0.001578963,0.001108360,-0.002371836,-0.000786090,1,9,0,1.556631608,1.151102070,0.733182852,2.380080364,10,0,0,0.260794039,0.285102192,0.056844233,0.464743846,10,0,0,-0.017169019,0.106606970,-0.093431046,0.059093008,4,6,0
balanced,hetero,high,spread,binpack,10,0.110000000,0.165797735,-0.008604546,0.228604546,7,3,0,0.330988540,0.735480498,-0.195142475,0.857119556,7,3,0,-0.167657881,0.234233951,-0.335218744,-0.000097018,0,10,0,-6.800000000,11.073491871,-14.721498313,1.121498313,2,7,1,0.003645007,0.005538003,-0.000316642,0.007606655,7,3,0,-0.000550410,0.003095669,-0.002764918,0.001664098,5,5,0,-0.000314640,0.001766101,-0.001578032,0.000948753,5,5,0,-4.363918979,5.474133340,-8.279877786,-0.447960172,0,10,0,1.594530464,0.182113282,1.464254479,1.724806448,10,0,0,-0.020551942,0.069619449,-0.070354692,0.029250808,4,6,0
balanced,hetero,high,tetris,binpack,10,0.126000000,0.180628532,-0.003213859,0.255213859,8,2,0,-0.235180643,0.682851365,-0.723663048,0.253301762,4,6,0,-0.129447249,0.205051266,-0.276132078,0.017237579,3,7,0,-7.000000000,12.064640714,-15.630523432,1.630523432,3,7,0,0.004124672,0.006021035,-0.000182516,0.008431861,8,2,0,-0.001274010,0.002182275,-0.002835115,0.000287096,3,7,0,-0.000692950,0.001185872,-0.001541271,0.000155372,3,7,0,-4.162054866,5.515115048,-8.107330219,-0.216779514,1,9,0,0.528741765,0.122070420,0.441417853,0.616065677,10,0,0,-0.036720737,0.061699809,-0.080858119,0.007416644,2,8,0
balanced,hetero,high,hybrid,binpack,10,0.098000000,0.131131825,0.004193950,0.191806050,7,2,1,0.263804194,0.591495182,-0.159325939,0.686934326,6,4,0,-0.151700963,0.185106394,-0.284118090,-0.019283835,2,8,0,-5.700000000,8.794569031,-11.991255239,0.591255239,3,7,0,0.003286162,0.004276707,0.000226791,0.006345533,7,2,1,-0.000834609,0.002718880,-0.002779579,0.001110361,5,5,0,-0.000493051,0.001628555,-0.001658049,0.000671947,5,5,0,-4.031338378,4.464439705,-7.225005923,-0.837670834,1,9,0,0.145391535,0.066772940,0.097625055,0.193158015,10,0,0,-0.023293183,0.097486387,-0.093030738,0.046444373,4,6,0
cpu_heavy,homog,low,spread,binpack,10,0.000000000,0.000000000,0.000000000,0.000000000,0,0,10,0.000000000,0.000000000,0.000000000,0.000000000,0,0,10,0.001016106,0.002441242,-0.000730254,0.002762465,4,0,6,0.000000000,0.000000000,0.000000000,0.000000000,0,0,10,0.000000000,0.000000000,0.000000000,0.000000000,0,0,10,-0.000000000,0.000000000,-0.000000000,0.000000000,0,0,10,0.000000000,0.000000000,-0.000000000,0.000000000,0,0,10,0.011244142,0.027149960,-0.008177768,0.030666052,4,0,6,7.628662246,0.926635391,6.965787268,8.291537225,10,0,0,0.000000000,0.000000000,0.000000000,0.000000000,0,0,10
cpu_heavy,homog,low,tetris,binpack,10,0.000000000,0.000000000,0.000000000,0.000000000,0,0,10,0.000000000,0.000000000,0.000000000,0.000000000,0,0,10,0.001673757,0.002179897,0.000114352,0.003233161,7,0,3,0.000000000,0.000000000,0.000000000,0.000000000,0,0,10,0.000000000,0.000000000,0.000000000,0.000000000,0,0,10,-0.000050112,0.000102266,-0.000123269,0.000023045,0,3,7,-0.000007517,0.000015340,-0.000018490,0.000003457,0,3,7,0.018467840,0.024212578,0.001147207,0.035788474,7,0,3,7.628456736,0.926673713,6.965554344,8.291359129,10,0,0,0.000000000,0.000000000,0.000000000,0.000000000,0,0,10
cpu_heavy,homog,low,hybrid,binpack,10,0.000000000,0.000000000,0.000000000,0.000000000,0,0,10,0.000000000,0.000000000,0.000000000,0.000000000,0,0,10,0.001330135,0.001988731,-0.000092518,0.002752787,6,0,4,0.000000000,0.000000000,0.000000000,0.000000000,0,0,10,0.000000000,0.000000000,0.000000000,0.000000000,0,0,10,-0.000055831,0.000125697,-0.000145749,0.000034088,0,2,8,-0.000008375,0.000018855,-0.000021862,0.000005113,0,2,8,0.014700826,0.022071609,-0.001088251,0.030489903,6,0,4,7.463238510,0.917870007,6.806633909,8.119843111,10,0,0,0.000000000,0.000000000,0.000000000,0.000000000,0,0,10
cpu_heavy,homog,med,spread,binpack,10,-0.050000000,0.082327260,-0.108893370,0.008893370,3,7,0,0.788204208,0.913908561,0.134433455,1.441974962,9,1,0,0.109430124,0.057501383,0.068296116,0.150564132,9,1,0,1.900000000,5.279941077,-1.877042041,5.677042041,7,2,1,-0.003218299,0.005228833,-0.006958780,0.000522182,3,7,0,-0.004697796,0.001744961,-0.005946066,-0.003449526,0,10,0,-0.000533704,0.000613420,-0.000972518,-0.000094890,1,9,0,1.557647941,0.811706045,0.976988457,2.138307424,10,0,0,2.356085140,0.237556860,2.186147212,2.526023068,10,0,0,-0.125372031,0.056465979,-0.165765356,-0.084978705,0,10,0
cpu_heavy,homog,med,tetris,binpack,10,-0.082000000,0.068280467,-0.130844900,-0.033155100,1,9,0,1.569145355,1.060676186,0.810383375,2.327907336,10,0,0,0.196364923,0.075844679,0.142108912,0.250620933,10,0,0,4.000000000,4.690415760,0.644678936,7.355321064,8,2,0,-0.005331617,0.004333475,-0.008431598,-0.002231636,1,9,0,-0.009049759,0.003129284,-0.011288314,-0.006811204,0,10,0,-0.001146015,0.000608012,-0.001580960,-0.000711069,0,10,0,2.785426388,1.216093904,1.915485278,3.655367498,10,0,0,2.356085140,0.237556860,2.186147212,2.526023068,10,0,0,-0.154964718,0.050303684,-0.190949803,-0.118979633,0,10,0
cpu_heavy,homog,med,hybrid,binpack,10,-0.074000000,0.073060097,-0.126264041,-0.021735959,1,9,0,1.447750815,1.133114104,0.637169873,2.258331756,10,0,0,0.202193694,0.089651199,0.138061094,0.266326294,10,0,0,3.800000000,4.802776974,0.364300571,7.235699429,8,2,0,-0.004845110,0.004585033,-0.008125045,-0.001565175,1,9,0,-0.008640763,0.004069237,-0.011551719,-0.005729806,0,10,0,-0.001095306,0.000587850,-0.001515829,-0.000674783,1,9,0,2.898509994,1.379863687,1.911415047,3.885604941,10,0,0,2.236198778,0.249684544,2.057585228,2.414812328,10,0,0,-0.129495029,0.065763215,-0.176539196,-0.082450862,0,10,0
cpu_heavy,homog,high,spread,binpack,10,0.038000000,0.116409240,-0.045274148,0.121274148,7,2,1,0.581830132,0.892014182,-0.056278327,1.219938591,8,2,0,-0.037474329,0.152820139,-0.146795263,0.071846605,5,5,0,-3.200000000,8.916900308,-9.578765756,3.178765756,3,7,0,0.001886649,0.005641409,-0.002148971,0.005922270,7,2,1,-0.003468467,0.003250884,-0.005794009,-0.001142925,2,8,0,-0.000407599,0.001355007,-0.001376913,0.000561714,3,7,0,-1.123984943,2.656791843,-3.024539199,0.776569313,4,6,0,1.747400147,0.170865121,1.625170611,1.869629682,10,0,0,-0.071383962,0.100545731,-0.143310040,0.000542116,3,7,0
cpu_heavy,homog,high,tetris,binpack,10,0.028000000,0.148234049,-0.078040243,0.134040243,6,4,0,0.917403462,2.202903284,-0.658458502,2.493265427,7,3,0,-0.029750029,0.252849273,-0.210627490,0.151127432,6,4,0,-2.100000000,9.949316001,-9.217311399,5.017311399,4,5,1,0.001337900,0.007230904,-0.003834777,0.006510577,6,4,0,-0.006415832,0.003627478,-0.009010773,-0.003820891,1,9,0,0.000185548,0.001942057,-0.001203715,0.001574812,4,6,0,-1.351820957,3.746988367,-4.032254769,1.328612855,3,7,0,1.747400147,0.170865121,1.625170611,1.869629682,10,0,0,-0.078012941,0.118731468,-0.162948311,0.006922428,3,7,0
cpu_heavy,homog,high,hybrid,binpack,10,0.006000000,0.127209364,-0.085000090,0.097000090,5,4,1,0.631179020,1.798780611,-0.655591020,1.917949060,7,3,0,-0.026731944,0.246761316,-0.203254343,0.149790455,6,4,0,-1.500000000,9.192388155,-8.075837876,5.075837876,4,6,0,0.000244250,0.006306461,-0.004267120,0.004755620,5,4,1,-0.005289963,0.003303182,-0.007652916,-0.002927009,1,9,0,-0.000020000,0.001828986,-0.001328378,0.001288377,5,5,0,-1.219946439,3.462975248,-3.697209520,1.257316642,6,4,0,1.657427093,0.161788974,1.541690242,1.773163945,10,0,0,-0.054652819,0.143977680,-0.157648239,0.048342601,4,6,0
cpu_heavy,hetero,low,spread,binpack,10,0.000000000,0.000000000,0.000000000,0.000000000,0,0,10,0.000000000,0.000000000,0.000000000,0.000000000,0,0,10,0.000670716,0.002035097,-0.000785105,0.002126536,2,0,8,0.000000000,0.000000000,0.000000000,0.000000000,0,0,10,0.000000000,0.000000000,0.000000000,0.000000000,0,0,10,-0.000000000,0.000000000,-0.000000000,0.000000000,0,0,10,-0.000000000,0.000000000,-0.000000000,0.000000000,0,0,10,0.007497092,0.022796576,-0.008810595,0.023804779,2,0,8,6.586155480,0.818885003,6.000360480,7.171950479,10,0,0,0.000000000,0.000000000,0.000000000,0.000000000,0,0,10
cpu_heavy,hetero,low,tetris,binpack,10,0.000000000,0.000000000,0.000000000,0.000000000,0,0,10,0.000000000,0.000000000,0.000000000,0.000000000,0,0,10,0.001173995,0.003089968,-0.001036434,0.003384425,3,0,7,0.000000000,0.000000000,0.000000000,0.000000000,0,0,10,0.000000000,0.000000000,0.000000000,0.000000000,0,0,10,-0.000005698,0.000018020,-0.000018589,0.000007192,0,1,9,-0.000000746,0.000002358,-0.000002433,0.000000941,0,1,9,0.012987752,0.034624659,-0.011781235,0.037756740,3,0,7,5.864168261,0.840278365,5.263069373,6.465267148,10,0,0,0.000000000,0.000000000,0.000000000,0.000000000,0,0,10
cpu_heavy,hetero,low,hybrid,binpack,10,0.000000000,0.000000000,0.000000000,0.000000000,0,0,10,0.000000000,0.000000000,0.000000000,0.000000000,0,0,10,0.001342653,0.003090151,-0.000867907,0.003553214,3,0,7,0.000000000,0.000000000,0.000000000,0.000000000,0,0,10,0.000000000,0.000000000,0.000000000,0.000000000,0,0,10,-0.000000394,0.000001245,-0.000001285,0.000000497,0,1,9,-0.000000052,0.000000163,-0.000000168,0.000000065,0,1,9,0.014785160,0.034427200,-0.009842574,0.039412893,3,0,7,5.564693530,0.814531593,4.982012771,6.147374288,10,0,0,0.000000000,0.000000000,0.000000000,0.000000000,0,0,10
cpu_heavy,hetero,med,spread,binpack,10,-0.012000000,0.040221608,-0.040772803,0.016772803,2,5,3,0.375737889,0.498498482,0.019133584,0.732342195,7,3,0,0.051628174,0.052394364,0.014147506,0.089108841,9,1,0,0.600000000,2.590581230,-1.253190040,2.453190040,6,3,1,-0.000753045,0.002657543,-0.002654137,0.001148047,2,5,3,-0.002329414,0.002828909,-0.004353094,-0.000305735,2,8,0,-0.000226443,0.000468564,-0.000561634,0.000108747,3,7,0,0.724355333,0.631860097,0.272349881,1.176360785,9,1,0,2.056673999,0.242511446,1.883191775,2.230156224,10,0,0,-0.058990960,0.088671427,-0.122422673,0.004440753,3,7,0
cpu_heavy,hetero,med,tetris,binpack,10,-0.068000000,0.041311822,-0.097552695,-0.038447305,0,10,0,0.802099971,0.922457383,0.142213759,1.461986183,8,1,1,0.169900363,0.076663999,0.115058246,0.224742480,10,0,0,4.100000000,2.378141198,2.398780393,5.801219607,10,0,0,-0.004364289,0.002746785,-0.006329220,-0.002399358,0,10,0,-0.007028407,0.004034827,-0.009914748,-0.004142066,0,10,0,-0.001091265,0.000590243,-0.001513500,-0.000669031,0,10,0,2.326880790,1.003538552,1.608992609,3.044768972,10,0,0,1.547779847,0.248517411,1.370001213,1.725558480,10,0,0,-0.101161070,0.076504405,-0.155889021,-0.046433120,1,9,0
cpu_heavy,hetero,med,hybrid,binpack,10,-0.076000000,0.047888760,-0.110257553,-0.041742447,1,9,0,0.555899735,0.748354244,0.020559397,1.091240074,8,2,0,0.178982836,0.118906087,0.093922551,0.264043120,10,0,0,4.100000000,2.601281735,2.239155280,5.960844720,9,0,1,-0.004816757,0.002998367,-0.006961660,-0.002671854,1,9,0,-0.006137880,0.004297185,-0.009211901,-0.003063859,0,10,0,-0.001119544,0.000895405,-0.001760078,-0.000479010,0,10,0,2.578677918,1.723369589,1.345853670,3.811502166,10,0,0,1.350398735,0.249849876,1.171666914,1.529130556,10,0,0,-0.077099940,0.108212061,-0.154510179,0.000310300,3,7,0
cpu_heavy,hetero,high,spread,binpack,10,0.042000000,0.118677902,-0.042897051,0.126897051,5,5,0,0.741158789,1.419082349,-0.273991497,1.756309074,7,3,0,-0.053103866,0.172499795,-0.176502777,0.070295045,3,7,0,-2.400000000,6.834552737,-7.289144148,2.489144148,5,5,0,0.002127842,0.005922070,-0.002108552,0.006364236,5,5,0,-0.003292392,0.004477348,-0.006495294,-0.000089490,3,7,0,0.000124401,0.001390583,-0.000870362,0.001119164,5,5,0,-1.230366977,2.307034666,-2.880720039,0.419986086,3,7,0,1.500053170,0.157107933,1.387664933,1.612441407,10,0,0,-0.022875083,0.039970757,-0.051468438,0.005718272,3,7,0
cpu_heavy,hetero,high,tetris,binpack,10,0.016000000,0.152257093,-0.092918155,0.124918155,5,4,1,1.041436774,1.196338311,0.185627963,1.897245584,9,1,0,0.029291135,0.201564718,-0.114899568,0.173481838,5,5,0,-1.100000000,9.746224340,-8.072028387,5.872028387,4,5,1,0.000755268,0.007504142,-0.004612872,0.006123407,5,4,1,-0.005677486,0.003775019,-0.008377972,-0.002977000,0,10,0,-0.000584361,0.001815210,-0.001882884,0.000714162,3,7,0,-0.068871956,3.308498916,-2.435629333,2.297885421,6,4,0,1.141087821,0.173008912,1.017324709,1.264850932,10,0,0,-0.046781262,0.051246745,-0.083440972,-0.010121552,2,8,0
cpu_heavy,hetero,high,hybrid,binpack,10,0.002000000,0.106437253,-0.074140619,0.078140619,5,4,1,0.558258117,1.196374023,-0.297576241,1.414092475,7,3,0,0.054505893,0.147924110,-0.051312633,0.160324419,6,4,0,-0.300000000,6.700746227,-5.093424744,4.493424744,3,5,2,0.000048104,0.005170942,-0.003650965,0.003747172,5,4,1,-0.005866544,0.003689110,-0.008505574,-0.003227515,0,10,0,-0.000702981,0.001297097,-0.001630868,0.000224906,3,7,0,0.096484030,2.276831480,-1.532262975,1.725231036,5,5,0,0.980070153,0.164877774,0.862123707,1.098016599,10,0,0,-0.023709114,0.103331367,-0.097627916,0.050209688,3,7,0
ram_heavy,homog,low,spread,binpack,10,0.000000000,0.000000000,0.000000000,0.000000000,0,0,10,0.000000000,0.000000000,0.000000000,0.000000000,0,0,10,0.000020194,0.000063857,-0.000025487,0.000065874,1,0,9,0.000000000,0.000000000,0.000000000,0.000000000,0,0,10,0.000000000,0.000000000,0.000000000,0.000000000,0,0,10,-0.000001083,0.000003423,-0.000003532,0.000001366,0,1,9,-0.000002598,0.000008216,-0.000008476,0.000003279,0,1,9,0.000389735,0.001232449,-0.000491906,0.001271376,1,0,9,8.415117386,0.807028715,7.837803863,8.992430910,10,0,0,0.000000000,0.000000000,0.000000000,0.000000000,0,0,10
ram_heavy,homog,low,tetris,binpack,10,0.000000000,0.000000000,0.000000000,0.000000000,0,0,10,0.000000000,0.000000000,0.000000000,0.000000000,0,0,10,0.000064926,0.000205313,-0.000081946,0.000211797,1,0,9,0.000000000,0.000000000,0.000000000,0.000000000,0,0,10,0.000000000,0.000000000,0.000000000,0.000000000,0,0,10,-0.000003481,0.000011007,-0.000011355,0.000004393,0,1,9,-0.000008354,0.000026417,-0.000027251,0.000010544,0,1,9,0.001253064,0.003962535,-0.001581563,0.004087690,1,0,9,8.255823397,0.809835663,7.676501905,8.835144889,10,0,0,0.000000000,0.000000000,0.000000000,0.000000000,0,0,10
ram_heavy,homog,low,hybrid,binpack,10,0.000000000,0.000000000,0.000000000,0.000000000,0,0,10,0.000000000,0.000000000,0.000000000,0.000000000,0,0,10,0.000016428,0.000051950,-0.000020735,0.000053590,1,0,9,0.000000000,0.000000000,0.000000000,0.000000000,0,0,10,0.000000000,0.000000000,0.000000000,0.000000000,0,0,10,-0.000000881,0.000002785,-0.000002873,0.000001112,0,1,9,-0.000002114,0.000006684,-0.000006895,0.000002668,0,1,9,0.000317059,0.001002628,-0.000400178,0.001034295,1,0,9,7.472896083,0.903721802,6.826412498,8.119379669,10,0,0,0.000000000,0.000000000,0.000000000,0.000000000,0,0,10
ram_heavy,homog,med,spread,binpack,10,-0.060000000,0.044221664,-0.091634270,-0.028365730,0,9,1,0.245122966,0.227359945,0.082479471,0.407766461,9,1,0,0.057487888,0.026709715,0.038380911,0.076594866,10,0,0,2.600000000,3.272783389,0.258791969,4.941208031,6,1,3,-0.002302859,0.001703550,-0.003521505,-0.001084213,0,9,1,-0.001062070,0.000543386,-0.001450785,-0.000673355,0,10,0,-0.002228456,0.000737448,-0.002755995,-0.001700918,0,10,0,1.434557019,0.643030370,0.974560836,1.894553202,10,0,0,2.635630109,0.335153345,2.395875867,2.875384351,10,0,0,-0.089935783,0.042439032,-0.120294836,-0.059576730,0,10,0
ram_heavy,homog,med,tetris,binpack,10,-0.074000000,0.058916136,-0.116146062,-0.031853938,0,9,1,0.319619848,0.103843195,0.245334906,0.393904789,10,0,0,0.078492449,0.036896124,0.052098554,0.104886344,10,0,0,3.500000000,4.552166761,0.243576305,6.756423695,7,3,0,-0.002843000,0.002252686,-0.004454474,-0.001231525,0,9,1,-0.001538195,0.000834744,-0.002135335,-0.000941056,0,10,0,-0.003346110,0.001389993,-0.004340451,-0.002351769,0,10,0,1.923048258,0.891660561,1.285192764,2.560903752,10,0,0,2.522453740,0.347039673,2.274196531,2.770710948,10,0,0,-0.109671188,0.038436659,-0.137167115,-0.082175260,0,10,0
ram_heavy,homog,med,hybrid,binpack,10,-0.058000000,0.056134758,-0.098156384,-0.017843616,1,9,0,0.228154217,0.199441092,0.085482665,0.370825769,9,1,0,0.067769275,0.024274057,0.050404662,0.085133888,10,0,0,2.800000000,3.675746334,0.170529665,5.429470335,8,1,1,-0.002237924,0.002149507,-0.003775588,-0.000700259,1,9,0,-0.001401172,0.000541945,-0.001788856,-0.001013488,0,10,0,-0.002840049,0.000913910,-0.003493820,-0.002186277,0,10,0,1.648272820,0.633760969,1.194907567,2.101638073,10,0,0,2.006373671,0.301990733,1.790342530,2.222404812,10,0,0,-0.084333442,0.059381929,-0.126812712,-0.041854172,0,10,0
ram_heavy,homog,high,spread,binpack,10,0.018000000,0.076274359,-0.036563385,0.072563385,5,2,3,0.370719028,0.509956069,0.005918459,0.735519597,9,1,0,-0.048422672,0.078703025,-0.104723420,0.007878076,2,8,0,-1.900000000,2.923088169,-3.991051158,0.191051158,3,6,1,0.000504205,0.002264188,-0.001115497,0.002123907,5,2,3,0.001080698,0.002652153,-0.000816538,0.002977934,6,4,0,-0.000884080,0.002061845,-0.002359036,0.000590875,2,8,0,-1.507258713,2.210235412,-3.088365765,0.073848339,2,8,0,1.938307522,0.130262814,1.845123125,2.031491919,10,0,0,0.007671805,0.062083596,-0.036740121,0.052083730,6,4,0
ram_heavy,homog,high,tetris,binpack,10,0.034000000,0.105851048,-0.041721273,0.109721273,5,4,1,0.216775715,0.502699268,-0.142833652,0.576385082,5,5,0,-0.074408427,0.117717116,-0.158618173,0.009801319,3,7,0,-0.200000000,5.513619501,-4.144205503,3.744205503,5,5,0,0.001010111,0.003097709,-0.001205856,0.003226078,5,4,1,0.000339973,0.002676116,-0.001574404,0.002254351,5,5,0,-0.000010334,0.001747634,-0.001260517,0.001239848,6,4,0,-2.279742024,3.573408855,-4.836004542,0.276520494,3,7,0,1.833606286,0.098626399,1.763053216,1.904159357,10,0,0,0.027883672,0.050633727,-0.008337512,0.064104856,8,2,0
ram_heavy,homog,high,hybrid,binpack,10,0.060000000,0.124007168,-0.028709378,0.148709378,7,2,1,0.391947815,0.450342037,0.069792552,0.714103078,8,2,0,-0.078697764,0.097917804,-0.148743937,-0.008651592,1,9,0,-1.100000000,5.952590473,-5.358226396,3.158226396,4,5,1,0.001732455,0.003684304,-0.000903137,0.004368047,7,2,1,0.000097546,0.003440885,-0.002363915,0.002559006,7,3,0,-0.000313908,0.001830974,-0.001623708,0.000995892,3,7,0,-2.413434551,3.101165437,-4.631874504,-0.194994599,1,9,0,1.457963074,0.088758941,1.394468758,1.521457391,10,0,0,0.023413752,0.089097933,-0.040323065,0.087150569,6,4,0
ram_heavy,hetero,low,spread,binpack,10,0.000000000,0.000000000,0.000000000,0.000000000,0,0,10,0.000000000,0.000000000,0.000000000,0.000000000,0,0,10,0.000115379,0.000364861,-0.000145626,0.000376385,1,0,9,0.000000000,0.000000000,0.000000000,0.000000000,0,0,10,0.000000000,0.000000000,0.000000000,0.000000000,0,0,10,-0.000000000,0.000000000,-0.000000000,0.000000000,0,0,10,-0.000000000,0.000000000,-0.000000000,0.000000000,0,0,10,0.002545262,0.008048826,-0.003212520,0.008303045,1,0,9,6.555512469,0.472644653,6.217402877,6.893622062,10,0,0,0.000000000,0.000000000,0.000000000,0.000000000,0,0,10
ram_heavy,hetero,low,tetris,binpack,10,0.000000000,0.000000000,0.000000000,0.000000000,0,0,10,0.000000000,0.000000000,0.000000000,0.000000000,0,0,10,0.000158676,0.000501779,-0.000200274,0.000517627,1,0,9,0.000000000,0.000000000,0.000000000,0.000000000,0,0,10,0.000000000,0.000000000,0.000000000,0.000000000,0,0,10,0.000000000,0.000000000,-0.000000000,0.000000000,0,0,10,-0.000000000,0.000000000,-0.000000000,0.000000000,0,0,10,0.003500399,0.011069234,-0.004418053,0.011418851,1,0,9,3.715897082,0.610609514,3.279093381,4.152700783,10,0,0,0.000000000,0.000000000,0.000000000,0.000000000,0,0,10
ram_heavy,hetero,low,hybrid,binpack,10,0.000000000,0.000000000,0.000000000,0.000000000,0,0,10,0.000000000,0.000000000,0.000000000,0.000000000,0,0,10,0.000443398,0.001402148,-0.000559638,0.001446434,1,0,9,0.000000000,0.000000000,0.000000000,0.000000000,0,0,10,0.000000000,0.000000000,0.000000000,0.000000000,0,0,10,0.000000000,0.000000000,-0.000000000,0.000000000,0,0,10,-0.000000000,0.000000000,-0.000000000,0.000000000,0,0,10,0.009781360,0.030931376,-0.012345612,0.031908332,1,0,9,1.021778600,0.678125266,0.536677043,1.506880157,9,1,0,0.000000000,0.000000000,0.000000000,0.000000000,0,0,10
ram_heavy,hetero,med,spread,binpack,10,0.006000000,0.059665736,-0.036682293,0.048682293,3,4,3,0.106549295,0.266753358,-0.084274548,0.297373138,7,3,0,-0.005000794,0.039359982,-0.033157227,0.023155639,7,3,0,0.100000000,2.960855732,-2.018068443,2.218068443,4,6,0,0.000242171,0.002225082,-0.001349557,0.001833899,3,4,3,-0.000360588,0.000760294,-0.000904470,0.000183294,4,6,0,-0.000645682,0.001586375,-0.001780506,0.000489143,3,7,0,-0.190589083,1.075246602,-0.959774110,0.578595944,7,3,0,1.990413720,0.235647247,1.821841847,2.158985594,10,0,0,-0.004357926,0.081406471,-0.062592604,0.053876751,6,4,0
ram_heavy,hetero,med,tetris,binpack,10,-0.018000000,0.076274359,-0.072563385,0.036563385,4,6,0,0.259840494,0.192878924,0.121863234,0.397817754,10,0,0,0.002133485,0.065810125,-0.044944240,0.049211209,7,3,0,1.500000000,3.719318934,-1.160640294,4.160640294,6,3,1,-0.000745074,0.002889131,-0.002811834,0.001321686,4,6,0,-0.000558066,0.000956120,-0.001242033,0.000125900,1,9,0,-0.001467425,0.002158910,-0.003011816,0.000076966,1,9,0,-0.051386424,1.786192886,-1.329151748,1.226378901,7,3,0,0.716600456,0.267553286,0.525204378,0.907996533,10,0,0,-0.028733937,0.113610035,-0.110005654,0.052537780,3,7,0
ram_heavy,hetero,med,hybrid,binpack,10,0.016000000,0.055617743,-0.023786534,0.055786534,6,3,1,0.046923613,0.285187664,-0.157087337,0.250934564,7,3,0,-0.018434963,0.060894969,-0.061996597,0.025126670,5,5,0,0.300000000,3.056868405,-1.886751767,2.486751767,6,4,0,0.000568762,0.002120260,-0.000947981,0.002085504,6,3,1,-0.000205170,0.001085978,-0.000982032,0.000571692,4,6,0,-0.000469638,0.002455311,-0.002226062,0.001286785,3,7,0,-0.549415645,1.656161690,-1.734162263,0.635330972,5,5,0,-0.189832243,0.225111827,-0.350867531,-0.028796955,1,9,0,0.035568131,0.102832121,-0.037993532,0.109129793,5,5,0
ram_heavy,hetero,high,spread,binpack,10,0.098000000,0.133483249,0.002511843,0.193488157,8,2,0,0.165255702,0.964822621,-0.524936773,0.855448178,5,5,0,-0.127329552,0.121824473,-0.214477524,-0.040181581,3,7,0,-4.900000000,8.279157230,-10.822551874,1.022551874,2,8,0,0.002760269,0.003656276,0.000144727,0.005375811,8,2,0,0.001347888,0.002158855,-0.000196464,0.002892239,8,2,0,0.002015820,0.002264234,0.000396085,0.003635555,7,3,0,-3.319104774,3.298060418,-5.678394900,-0.959814648,2,8,0,1.535216454,0.135431339,1.438334717,1.632098191,10,0,0,-0.007543695,0.086437169,-0.069377116,0.054289726,5,5,0
ram_heavy,hetero,high,tetris,binpack,10,0.194000000,0.157211817,0.081537449,0.306462551,8,2,0,0.506479556,1.051719320,-0.245875068,1.258834181,7,3,0,-0.210486836,0.126552434,-0.301016987,-0.119956685,1,9,0,-8.600000000,10.976743091,-16.452288410,-0.747711590,3,7,0,0.005399065,0.004304446,0.002319850,0.008478280,8,2,0,0.002243524,0.003179284,-0.000030799,0.004517846,9,1,0,0.002022259,0.003047893,-0.000158072,0.004202591,8,2,0,-6.129477919,4.198738703,-9.133074430,-3.125881407,1,9,0,0.532891042,0.154143608,0.422623355,0.643158729,10,0,0,-0.036818795,0.138415846,-0.135835519,0.062197929,4,6,0
ram_heavy,hetero,high,hybrid,binpack,10,0.152000000,0.121179390,0.065313493,0.238686507,10,0,0,0.393876801,0.824664081,-0.196052301,0.983805904,7,3,0,-0.173026215,0.114067620,-0.254625269,-0.091427161,0,10,0,-7.500000000,7.027722881,-12.527329734,-2.472670266,1,9,0,0.004268576,0.003212278,0.001970651,0.006566501,10,0,0,0.000922206,0.002985942,-0.001213808,0.003058220,6,4,0,0.002449504,0.002704400,0.000514892,0.004384115,8,2,0,-4.599253520,3.317539139,-6.972477883,-2.226029157,0,10,0,-0.187675797,0.059615406,-0.230322086,-0.145029507,0,10,0,0.001902707,0.080661569,-0.055799099,0.059604514,5,5,0
bimodal,homog,low,spread,binpack,10,0.000000000,0.000000000,0.000000000,0.000000000,0,0,10,0.000000000,0.000000000,0.000000000,0.000000000,0,0,10,0.000665942,0.002105894,-0.000840524,0.002172408,1,0,9,0.000000000,0.000000000,0.000000000,0.000000000,0,0,10,0.000000000,0.000000000,0.000000000,0.000000000,0,0,10,-0.000092694,0.000293123,-0.000302382,0.000116994,0,1,9,-0.000019792,0.000062587,-0.000064564,0.000024980,0,1,9,0.011640670,0.036811029,-0.014692353,0.037973692,1,0,9,8.003642768,0.712237366,7.494138886,8.513146649,10,0,0,0.000000000,0.000000000,0.000000000,0.000000000,0,0,10
bimodal,homog,low,tetris,binpack,10,0.000000000,0.000000000,0.000000000,0.000000000,0,0,10,0.000000000,0.000000000,0.000000000,0.000000000,0,0,10,0.000499259,0.001498158,-0.000572459,0.001570976,2,0,8,0.100000000,0.316227766,-0.126215700,0.326215700,1,0,9,0.000000000,0.000000000,0.000000000,0.000000000,0,0,10,-0.000073564,0.000232629,-0.000239977,0.000092849,0,1,9,-0.000012865,0.000040681,-0.000041966,0.000016237,0,1,9,0.008443372,0.025394254,-0.009722581,0.026609326,2,0,8,7.448854086,0.758803422,6.906038857,7.991669315,10,0,0,0.000000000,0.000000000,0.000000000,0.000000000,0,0,10
bimodal,homog,low,hybrid,binpack,10,0.000000000,0.000000000,0.000000000,0.000000000,0,0,10,0.000000000,0.000000000,0.000000000,0.000000000,0,0,10,0.000550826,0.001741866,-0.000695230,0.001796882,1,0,9,0.100000000,0.316227766,-0.126215700,0.326215700,1,0,9,0.000000000,0.000000000,0.000000000,0.000000000,0,0,10,-0.000076393,0.000241576,-0.000249206,0.000096420,0,1,9,-0.000012942,0.000040927,-0.000042220,0.000016335,0,1,9,0.009375284,0.029647253,-0.011833081,0.030583650,1,0,9,6.830939843,0.784026043,6.270081439,7.391798247,10,0,0,0.000000000,0.000000000,0.000000000,0.000000000,0,0,10
bimodal,homog,med,spread,binpack,10,-0.026000000,0.080027773,-0.083248416,0.031248416,2,5,3,0.470312377,0.613404857,0.031509008,0.909115746,8,2,0,0.032345401,0.052409672,-0.005146217,0.069837019,8,2,0,2.700000000,3.233505150,0.386889927,5.013110073,6,1,3,-0.001120032,0.003395116,-0.003548751,0.001308688,2,5,3,-0.002721891,0.003208785,-0.005017317,-0.000426465,1,9,0,-0.000091206,0.000465179,-0.000423975,0.000241563,4,6,0,0.657171953,1.169215972,-0.179234708,1.493578613,8,2,0,2.540354188,0.328910124,2.305066076,2.775642300,10,0,0,-0.034038758,0.133621071,-0.129625508,0.061547991,3,5,2
bimodal,homog,med,tetris,binpack,10,-0.070000000,0.055976185,-0.110042948,-0.029957052,1,8,1,0.637332510,0.522564779,0.263512214,1.011152806,10,0,0,0.084794354,0.028860783,0.064148595,0.105440113,10,0,0,3.500000000,2.877112750,1.441837673,5.558162327,9,0,1,-0.003037171,0.002403165,-0.004756292,-0.001318051,1,8,1,-0.005443568,0.002078323,-0.006930311,-0.003956826,0,10,0,-0.000701635,0.000657154,-0.001171734,-0.000231535,1,9,0,1.790226847,0.688838481,1.297461518,2.282992176,10,0,0,2.146608535,0.281050078,1.945557435,2.347659635,10,0,0,-0.079699655,0.113791821,-0.161101415,0.001702104,1,8,1
bimodal,homog,med,hybrid,binpack,10,-0.034000000,0.060406034,-0.077211870,0.009211870,1,8,1,0.165555980,0.264084476,-0.023358660,0.354470620,7,3,0,0.027436108,0.024944303,0.009592030,0.045280186,8,2,0,1.400000000,2.875181154,-0.656780546,3.456780546,7,2,1,-0.001490482,0.002565570,-0.003325780,0.000344816,1,8,1,-0.001749247,0.001691912,-0.002959568,-0.000538926,2,8,0,-0.000287992,0.000412635,-0.000583173,0.000007189,3,7,0,0.573354598,0.541756754,0.185805191,0.960904006,8,2,0,1.809899766,0.128169225,1.718213032,1.901586499,10,0,0,-0.015734897,0.083867437,-0.075730042,0.044260249,3,5,2
bimodal,homog,high,spread,binpack,10,-0.076000000,0.137533834,-0.174385771,0.022385771,2,8,0,0.299801693,0.602788290,-0.131407042,0.731010428,6,4,0,0.064947005,0.142594915,-0.037059245,0.166953254,8,2,0,4.400000000,9.430447144,-2.346135005,11.146135005,7,2,1,-0.002542020,0.004646601,-0.005865998,0.000781958,2,8,0,-0.001187672,0.001745543,-0.002436358,0.000061014,2,8,0,-0.002109954,0.006575671,-0.006813905,0.002593997,3,7,0,1.770138035,3.921805045,-1.035352086,4.575628156,8,2,0,1.926042683,0.214700537,1.772455182,2.079630184,10,0,0,-0.066757847,0.082165342,-0.125535388,-0.007980306,2,8,0
bimodal,homog,high,tetris,binpack,10,0.064000000,0.138820428,-0.035306144,0.163306144,6,4,0,0.744532256,1.262768746,-0.158798022,1.647862534,5,5,0,-0.099811081,0.176892532,-0.226352367,0.026730204,5,5,0,-2.100000000,7.622335600,-7.552690019,3.352690019,3,6,1,0.002084424,0.004679105,-0.001262805,0.005431654,6,4,0,-0.002442322,0.002512165,-0.004239416,-0.000645227,3,7,0,0.002405070,0.007089554,-0.002666492,0.007476631,7,3,0,-3.126012434,4.975247241,-6.685089651,0.433064783,4,6,0,1.560159522,0.239429074,1.388882292,1.731436751,10,0,0,-0.078341080,0.107496896,-0.155239721,-0.001442439,2,8,0
bimodal,homog,high,hybrid,binpack,10,0.008000000,0.105071404,-0.067163549,0.083163549,5,5,0,0.523903795,0.937568969,-0.146792594,1.194600183,6,4,0,-0.032835872,0.074053598,-0.085810621,0.020138876,4,6,0,-0.500000000,6.311365410,-5.014878507,4.014878507,4,6,0,0.000239538,0.003555024,-0.002303573,0.002782648,5,5,0,-0.001867627,0.001752070,-0.003120983,-0.000614272,1,9,0,0.001282946,0.004454944,-0.001903928,0.004469821,5,5,0,-1.238683707,2.099225518,-2.740379071,0.263011656,2,8,0,1.295836884,0.210557754,1.145212951,1.446460816,10,0,0,-0.067784835,0.099611800,-0.139042819,0.003473149,2,8,0
bimodal,hetero,low,spread,binpack,10,0.000000000,0.000000000,0.000000000,0.000000000,0,0,10,0.000000000,0.000000000,0.000000000,0.000000000,0,0,10,-0.000174974,0.000553315,-0.000570791,0.000220844,0,1,9,-0.200000000,0.632455532,-0.652431400,0.252431400,0,1,9,0.000000000,0.000000000,0.000000000,0.000000000,0,0,10,0.000015976,0.000050519,-0.000020164,0.000052115,1,0,9,0.000005537,0.000017509,-0.000006988,0.000018062,1,0,9,-0.002602862,0.008230971,-0.008490943,0.003285220,0,1,9,6.595770359,0.891347535,5.958138790,7.233401928,10,0,0,0.004286351,0.013554633,-0.005410048,0.013982750,1,0,9
bimodal,hetero,low,tetris,binpack,10,0.000000000,0.000000000,0.000000000,0.000000000,0,0,10,0.000000000,0.000000000,0.000000000,0.000000000,0,0,10,0.000239913,0.000758671,-0.000302807,0.000782633,1,0,9,0.000000000,0.000000000,0.000000000,0.000000000,0,0,10,0.000000000,0.000000000,0.000000000,0.000000000,0,0,10,-0.000035945,0.000113667,-0.000117257,0.000045368,0,1,9,-0.000002564,0.000008109,-0.000008365,0.000003237,0,1,9,0.004217665,0.013337429,-0.005323356,0.013758686,1,0,9,5.494909893,0.812465458,4.913707158,6.076112627,10,0,0,0.000000000,0.000000000,0.000000000,0.000000000,0,0,10
bimodal,hetero,low,hybrid,binpack,10,0.000000000,0.000000000,0.000000000,0.000000000,0,0,10,0.000000000,0.000000000,0.000000000,0.000000000,0,0,10,0.000171353,0.000541865,-0.000216274,0.000558980,1,0,9,0.000000000,0.000000000,0.000000000,0.000000000,0,0,10,0.000000000,0.000000000,0.000000000,0.000000000,0,0,10,-0.000030952,0.000097879,-0.000100971,0.000039066,0,1,9,-0.000001911,0.000006043,-0.000006234,0.000002412,0,1,9,0.003012382,0.009525989,-0.003802099,0.009826863,1,0,9,4.394369020,0.852257428,3.784700827,5.004037213,10,0,0,0.004286351,0.013554633,-0.005410048,0.013982750,1,0,9
bimodal,hetero,med,spread,binpack,10,-0.010000000,0.048304589,-0.044555019,0.024555019,3,5,2,0.089970873,0.328883463,-0.145298167,0.325239913,6,4,0,0.046487344,0.036526584,0.020357801,0.072616886,9,1,0,0.400000000,3.533962208,-2.128044089,2.928044089,5,4,1,-0.000502665,0.002083406,-0.001993044,0.000987714,3,5,2,-0.003539462,0.002692083,-0.005465262,-0.001613662,1,9,0,-0.000485688,0.001883811,-0.001833285,0.000861909,5,5,0,0.921060605,0.813575547,0.339063761,1.503057449,9,1,0,2.204820221,0.361098419,1.946505991,2.463134450,10,0,0,-0.134967497,0.129921542,-0.227907762,-0.042027231,1,9,0
bimodal,hetero,med,tetris,binpack,10,-0.038000000,0.034576807,-0.062734756,-0.013265244,1,8,1,0.131530592,0.242811455,-0.042166247,0.305227431,7,3,0,0.057360409,0.036479694,0.031264410,0.083456409,9,1,0,1.600000000,3.405877273,-0.836417653,4.036417653,7,3,0,-0.001697099,0.001565772,-0.002817184,-0.000577013,1,8,1,-0.003725961,0.002176528,-0.005282956,-0.002168967,0,10,0,-0.000865743,0.001840692,-0.002182494,0.000451009,2,8,0,1.188243300,0.800488952,0.615608041,1.760878559,9,1,0,1.470979708,0.345415628,1.223884271,1.718075146,10,0,0,-0.072884211,0.067831121,-0.121407669,-0.024360754,1,9,0
bimodal,hetero,med,hybrid,binpack,10,0.010000000,0.044472214,-0.021813503,0.041813503,5,4,1,-0.213713817,0.468988335,-0.549207837,0.121780203,6,4,0,-0.000351367,0.042146901,-0.030501441,0.029798708,6,4,0,-1.200000000,2.820559440,-3.217706529,0.817706529,3,6,1,0.000402885,0.001881419,-0.000943001,0.001748771,5,4,1,-0.000907699,0.001884401,-0.002255718,0.000440320,3,7,0,0.000063788,0.000786765,-0.000499029,0.000626606,5,5,0,0.038983869,0.915974892,-0.616265048,0.694232787,7,3,0,0.926539404,0.466732903,0.592658823,1.260419986,10,0,0,-0.016498711,0.169173247,-0.137517952,0.104520531,4,6,0
bimodal,hetero,high,spread,binpack,10,0.176000000,0.120295931,0.089945481,0.262054519,9,0,1,-0.032543770,0.739616840,-0.561633747,0.496546206,3,7,0,-0.224673191,0.107742929,-0.301747834,-0.147598549,0,10,0,-9.300000000,6.929005059,-14.256711264,-4.343288736,0,9,1,0.005856215,0.003926524,0.003047350,0.008665081,9,0,1,0.002785317,0.002191218,0.001217815,0.004352820,10,0,0,0.005988202,0.004011622,0.003118460,0.008857944,10,0,0,-5.934741925,3.107264868,-8.157545148,-3.711938703,0,10,0,1.568957325,0.238692558,1.398206968,1.739707682,10,0,0,-0.021746025,0.104457190,-0.096470192,0.052978142,6,4,0
bimodal,hetero,high,tetris,binpack,10,0.192000000,0.193723744,0.053418392,0.330581608,9,1,0,0.492376235,0.975789195,-0.205661254,1.190413725,7,3,0,-0.328911399,0.176983119,-0.455517486,-0.202305311,0,10,0,-8.900000000,9.700515450,-15.839330219,-1.960669781,1,7,2,0.006394074,0.006356249,0.001847088,0.010941061,9,1,0,0.002498214,0.003368661,0.000088420,0.004908009,7,3,0,0.006860395,0.006540108,0.002181884,0.011538906,8,2,0,-8.754761587,4.801602556,-12.189620887,-5.319902286,0,10,0,1.004483928,0.212015682,0.852817057,1.156150799,10,0,0,-0.018767387,0.155653734,-0.130115353,0.092580578,3,6,1
bimodal,hetero,high,hybrid,binpack,10,0.130000000,0.105934991,0.054218678,0.205781322,9,0,1,-0.042367700,0.657449686,-0.512678839,0.427943439,6,4,0,-0.245617853,0.093795939,-0.312715420,-0.178520285,0,10,0,-6.800000000,8.778762251,-13.079947750,-0.520052250,3,7,0,0.004356249,0.003567341,0.001804327,0.006908170,9,0,1,0.002786277,0.002922444,0.000695687,0.004876868,8,2,0,0.003773992,0.005500845,-0.000161075,0.007709059,8,2,0,-6.470646537,2.495202641,-8.255606849,-4.685686224,0,10,0,0.572479703,0.150498573,0.464819517,0.680139888,10,0,0,-0.053644973,0.148740641,-0.160047610,0.052757664,3,7,0
tiny_large,homog,low,spread,binpack,10,0.000000000,0.000000000,0.000000000,0.000000000,0,0,10,0.000000000,0.000000000,0.000000000,0.000000000,0,0,10,0.000308264,0.000974817,-0.000389078,0.001005606,1,0,9,0.000000000,0.000000000,0.000000000,0.000000000,0,0,10,0.000000000,0.000000000,0.000000000,0.000000000,0,0,10,0.000000000,0.000000000,-0.000000000,0.000000000,0,0,10,-0.000000000,0.000000000,-0.000000000,0.000000000,0,0,10,0.006874289,0.021738411,-0.008676432,0.022425010,1,0,9,8.336062019,0.663117913,7.861696074,8.810427963,10,0,0,0.000000000,0.000000000,0.000000000,0.000000000,0,0,10
tiny_large,homog,low,tetris,binpack,10,0.000000000,0.000000000,0.000000000,0.000000000,0,0,10,0.000000000,0.000000000,0.000000000,0.000000000,0,0,10,0.000529447,0.001674259,-0.000668245,0.001727140,1,0,9,0.000000000,0.000000000,0.000000000,0.000000000,0,0,10,0.000000000,0.000000000,0.000000000,0.000000000,0,0,10,0.000000000,0.000000000,-0.000000000,0.000000000,0,0,10,0.000000000,0.000000000,-0.000000000,0.000000000,0,0,10,0.011806672,0.037335975,-0.014901874,0.038515218,1,0,9,8.189538597,0.676390761,7.705677829,8.673399364,10,0,0,0.000000000,0.000000000,0.000000000,0.000000000,0,0,10
tiny_large,homog,low,hybrid,binpack,10,0.000000000,0.000000000,0.000000000,0.000000000,0,0,10,0.000000000,0.000000000,0.000000000,0.000000000,0,0,10,0.000388048,0.001227115,-0.000489777,0.001265873,1,0,9,0.000000000,0.000000000,0.000000000,0.000000000,0,0,10,0.000000000,0.000000000,0.000000000,0.000000000,0,0,10,0.000000000,0.000000000,-0.000000000,0.000000000,0,0,10,-0.000000000,0.000000000,-0.000000000,0.000000000,0,0,10,0.008653469,0.027364672,-0.010922037,0.028228975,1,0,9,7.084416692,0.772206332,6.532013599,7.636819784,10,0,0,0.000000000,0.000000000,0.000000000,0.000000000,0,0,10
tiny_large,homog,med,spread,binpack,10,-0.034000000,0.062574400,-0.078763026,0.010763026,3,5,2,0.142794029,0.212866107,-0.009481200,0.295069258,6,4,0,0.028931535,0.017329740,0.016534586,0.041328483,10,0,0,1.200000000,3.119829055,-1.031791099,3.431791099,6,3,1,-0.001110486,0.002071449,-0.002592311,0.000371340,3,5,2,-0.003170610,0.004136783,-0.006129886,-0.000211334,3,7,0,-0.000018877,0.001159385,-0.000848251,0.000810497,3,7,0,0.801926474,0.516893553,0.432163128,1.171689821,10,0,0,2.634532818,0.395827929,2.351374595,2.917691040,10,0,0,-0.101762644,0.188167734,-0.236369722,0.032844434,3,7,0
tiny_large,homog,med,tetris,binpack,10,-0.068000000,0.078993671,-0.124508664,-0.011491336,3,7,0,0.730259899,0.409893759,0.437039589,1.023480209,10,0,0,0.103316490,0.032485638,0.080077666,0.126555313,10,0,0,5.000000000,5.497474167,1.067344172,8.932655828,9,1,0,-0.002249560,0.002619317,-0.004123306,-0.000375814,3,7,0,-0.011352903,0.003871899,-0.014122693,-0.008583114,0,10,0,-0.002338940,0.001970475,-0.003748532,-0.000929347,1,9,0,2.779675514,0.998872925,2.065124920,3.494226107,10,0,0,2.481057674,0.423431399,2.178153121,2.783962228,10,0,0,-0.342202020,0.172409237,-0.465536149,-0.218867890,0,10,0
tiny_large,homog,med,hybrid,binpack,10,-0.036000000,0.062396581,-0.080635822,0.008635822,3,6,1,0.474813712,0.400538303,0.188285892,0.761341533,8,2,0,0.068429843,0.046711200,0.035014666,0.101845021,9,1,0,2.500000000,4.949747468,-1.040835779,6.040835779,6,4,0,-0.001208775,0.002040544,-0.002668492,0.000250942,3,6,1,-0.008131937,0.004544726,-0.011383038,-0.004880836,0,10,0,-0.001471297,0.002234295,-0.003069615,0.000127021,2,8,0,1.860816173,1.310632202,0.923246444,2.798385902,9,1,0,1.895395640,0.453305778,1.571120245,2.219671036,10,0,0,-0.197637343,0.167634481,-0.317555818,-0.077718868,1,9,0
tiny_large,homog,high,spread,binpack,10,-0.096000000,0.198617444,-0.238082350,0.046082350,3,7,0,0.157118588,0.624948414,-0.289942543,0.604179719,6,4,0,0.074667625,0.124871177,-0.014659827,0.163995077,7,3,0,7.100000000,12.573782247,-1.894741317,16.094741317,7,3,0,-0.002443668,0.005037755,-0.006047460,0.001160124,3,7,0,-0.001789969,0.001114634,-0.002587330,-0.000992607,0,10,0,-0.001726952,0.003549102,-0.004265827,0.000811922,3,7,0,2.183254371,4.126684760,-0.768797859,5.135306601,7,3,0,2.017048973,0.254340315,1.835104885,2.198993061,10,0,0,-0.038201213,0.139085526,-0.137696998,0.061294572,4,6,0
tiny_large,homog,high,tetris,binpack,10,0.194000000,0.340855134,-0.049833056,0.437833056,8,2,0,0.824878276,1.128058341,0.017914009,1.631842542,9,1,0,-0.204421739,0.266570131,-0.395114510,-0.013728968,3,7,0,-9.300000000,27.892850538,-29.253341823,10.653341823,3,7,0,0.004950552,0.008614787,-0.001212095,0.011113199,8,2,0,-0.002268560,0.002124836,-0.003788576,-0.000748544,2,8,0,0.002655341,0.008297621,-0.003280419,0.008591101,5,5,0,-8.073675562,8.558209824,-14.195849622,-1.951501502,3,7,0,1.901128818,0.275191772,1.704268498,2.097989138,10,0,0,-0.124779016,0.189708515,-0.260488303,0.010930270,2,8,0
tiny_large,homog,high,hybrid,binpack,10,0.104000000,0.192018518,-0.033361763,0.241361763,8,2,0,0.010060305,0.832026516,-0.585135566,0.605256177,5,5,0,-0.100572184,0.127048424,-0.191457145,-0.009687223,3,7,0,-3.000000000,16.633299933,-14.898745120,8.898745120,4,5,1,0.002666387,0.004847673,-0.000801429,0.006134203,8,2,0,-0.000946372,0.001007047,-0.001666770,-0.000225974,2,8,0,0.001188895,0.004457416,-0.001999748,0.004377538,5,5,0,-3.968088092,4.113579159,-6.910765140,-1.025411044,2,8,0,1.383448149,0.237245871,1.213732689,1.553163609,10,0,0,-0.032993555,0.147029743,-0.138172290,0.072185179,2,8,0
tiny_large,hetero,low,spread,binpack,10,0.000000000,0.000000000,0.000000000,0.000000000,0,0,10,0.000000000,0.000000000,0.000000000,0.000000000,0,0,10,0.000140193,0.000443328,-0.000176945,0.000457330,1,0,9,0.000000000,0.000000000,0.000000000,0.000000000,0,0,10,0.000000000,0.000000000,0.000000000,0.000000000,0,0,10,-0.000000000,0.000000000,-0.000000000,0.000000000,0,0,10,0.000000000,0.000000000,0.000000000,0.000000000,0,0,10,0.003140315,0.009930548,-0.003963570,0.010244200,1,0,9,6.931395931,0.683038599,6.442779588,7.420012274,10,0,0,0.000000000,0.000000000,0.000000000,0.000000000,0,0,10
tiny_large,hetero,low,tetris,binpack,10,0.000000000,0.000000000,0.000000000,0.000000000,0,0,10,0.000000000,0.000000000,0.000000000,0.000000000,0,0,10,-0.000023134,0.000073156,-0.000075467,0.000029199,0,1,9,0.000000000,0.000000000,0.000000000,0.000000000,0,0,10,0.000000000,0.000000000,0.000000000,0.000000000,0,0,10,-0.000000000,0.000000000,-0.000000000,0.000000000,0,0,10,-0.000000000,0.000000000,-0.000000000,0.000000000,0,0,10,-0.000518202,0.001638700,-0.001690458,0.000654053,0,1,9,5.189088260,0.670624686,4.709352294,5.668824227,10,0,0,0.000000000,0.000000000,0.000000000,0.000000000,0,0,10
tiny_large,hetero,low,hybrid,binpack,10,0.000000000,0.000000000,0.000000000,0.000000000,0,0,10,0.000000000,0.000000000,0.000000000,0.000000000,0,0,10,0.000165225,0.000522486,-0.000208539,0.000538989,1,0,9,0.000000000,0.000000000,0.000000000,0.000000000,0,0,10,0.000000000,0.000000000,0.000000000,0.000000000,0,0,10,-0.000000000,0.000000000,-0.000000000,0.000000000,0,0,10,0.000000000,0.000000000,0.000000000,0.000000000,0,0,10,0.003701032,0.011703691,-0.004671283,0.012073347,1,0,9,3.585702162,0.816180371,3.001841939,4.169562385,10,0,0,0.000000000,0.000000000,0.000000000,0.000000000,0,0,10
tiny_large,hetero,med,spread,binpack,10,-0.030000000,0.038005848,-0.057187744,-0.002812256,1,8,1,0.239951344,0.449954793,-0.081926901,0.561829590,8,2,0,0.013648865,0.046507283,-0.019620439,0.046918169,6,4,0,1.700000000,3.164033993,-0.563413405,3.963413405,8,1,1,-0.001008807,0.001248209,-0.001901721,-0.000115892,1,8,1,-0.001938775,0.002609482,-0.003805486,-0.000072064,2,8,0,-0.000805901,0.002085177,-0.002297547,0.000685744,4,6,0,0.337609941,1.338056940,-0.619578262,1.294798145,6,4,0,2.157758365,0.344292046,1.911466689,2.404050040,10,0,0,-0.104706475,0.157036804,-0.217043830,0.007630879,1,8,1
tiny_large,hetero,med,tetris,binpack,10,-0.068000000,0.037947332,-0.095145884,-0.040854116,0,10,0,0.157892660,0.383768822,-0.116638997,0.432424317,7,3,0,0.029821408,0.049924660,-0.005892540,0.065535356,8,2,0,5.200000000,5.006662228,1.618449857,8.781550143,9,1,0,-0.002285576,0.001320543,-0.003230236,-0.001340917,0,10,0,-0.004064145,0.003972442,-0.006905858,-0.001222431,0,10,0,-0.000654967,0.003020621,-0.002815789,0.001505855,3,7,0,0.771206262,1.455945707,-0.270314480,1.812727003,8,2,0,1.101601665,0.438183405,0.788144163,1.415059167,10,0,0,-0.159356113,0.231973725,-0.325300107,0.006587881,2,8,0
tiny_large,hetero,med,hybrid,binpack,10,-0.058000000,0.042635405,-0.088499529,-0.027500471,1,9,0,0.423331388,0.506694880,0.060863733,0.785799044,8,2,0,0.029784219,0.048780080,-0.005110946,0.064679383,9,1,0,3.800000000,5.287301349,0.017692738,7.582307262,8,2,0,-0.001940661,0.001438353,-0.002969596,-0.000911725,1,9,0,-0.002971346,0.001980623,-0.004388198,-0.001554493,1,9,0,-0.001814352,0.002414127,-0.003541314,-0.000087389,2,8,0,0.786652836,1.378566078,-0.199513858,1.772819530,8,2,0,0.578762960,0.439954888,0.264038215,0.893487704,10,0,0,-0.088919448,0.229777388,-0.253292278,0.075453382,3,6,1
tiny_large,hetero,high,spread,binpack,10,0.282000000,0.320340097,0.052842516,0.511157484,8,2,0,0.339661301,0.877110347,-0.287785598,0.967108200,5,5,0,-0.291338598,0.311997853,-0.514528401,-0.068148796,3,7,0,-14.200000000,22.359685945,-30.195154605,1.795154605,3,7,0,0.007184726,0.008075261,0.001408033,0.012961419,8,2,0,0.002749578,0.002404886,0.001029226,0.004469930,9,1,0,0.004135146,0.007325730,-0.001105365,0.009375657,7,3,0,-9.929202319,10.068080948,-17.131473037,-2.726931601,3,7,0,1.649020497,0.153560302,1.539170082,1.758870912,10,0,0,0.015917721,0.111108604,-0.063564581,0.095400022,6,4,0
tiny_large,hetero,high,tetris,binpack,10,0.328000000,0.189783502,0.192237071,0.463762929,10,0,0,0.071525638,0.577569326,-0.341642538,0.484693815,7,3,0,-0.351365265,0.187385726,-0.485412929,-0.217317602,0,10,0,-16.100000000,16.380544015,-27.817934441,-4.382065559,1,8,1,0.008352978,0.004779470,0.004933951,0.011772004,10,0,0,0.003083785,0.002680284,0.001166426,0.005001144,9,1,0,0.005154942,0.005306264,0.001359070,0.008950814,9,1,0,-11.933448968,5.849693373,-16.118067219,-7.748830717,0,10,0,0.799472480,0.245601688,0.623779630,0.975165331,10,0,0,-0.001394127,0.121839814,-0.088553073,0.085764819,6,4,0
tiny_large,hetero,high,hybrid,binpack,10,0.168000000,0.255290684,-0.014623941,0.350623941,7,2,1,0.399817404,0.858671896,-0.214439423,1.014074231,5,5,0,-0.207716501,0.217572227,-0.363358285,-0.052074717,1,9,0,-7.900000000,18.453846332,-21.101085465,5.301085465,3,5,2,0.004184602,0.006387117,-0.000384466,0.008753670,7,2,1,0.002736773,0.001948044,0.001343227,0.004130320,10,0,0,0.002630923,0.006830880,-0.002255594,0.007517440,7,3,0,-7.354453226,6.827975123,-12.238892032,-2.470014419,1,9,0,0.382482730,0.224236409,0.222073678,0.542891782,10,0,0,0.039644347,0.112520133,-0.040847701,0.120136396,7,3,0
drift,homog,low,spread,binpack,10,0.000000000,0.000000000,0.000000000,0.000000000,0,0,10,0.073770312,0.123867393,-0.014839077,0.162379700,8,1,1,0.014256792,0.016611774,0.002373446,0.026140139,7,3,0,0.000000000,0.000000000,0.000000000,0.000000000,0,0,10,0.000000000,0.000000000,0.000000000,0.000000000,0,0,10,-0.000000000,0.000000000,-0.000000000,0.000000000,0,0,10,-0.000000000,0.000000000,-0.000000000,0.000000000,0,0,10,0.227838863,0.268986036,0.035417858,0.420259868,7,3,0,4.692695199,0.586054670,4.273456973,5.111933424,10,0,0,0.000000000,0.000000000,0.000000000,0.000000000,0,0,10
drift,homog,low,tetris,binpack,10,0.000000000,0.000000000,0.000000000,0.000000000,0,0,10,0.364775629,0.540653123,-0.021984288,0.751535546,9,1,0,0.064487994,0.043544005,0.033338492,0.095637497,9,1,0,0.000000000,0.000000000,0.000000000,0.000000000,0,0,10,0.000000000,0.000000000,0.000000000,0.000000000,0,0,10,-0.000000000,0.000000000,-0.000000000,0.000000000,0,0,10,-0.000000000,0.000000000,-0.000000000,0.000000000,0,0,10,1.042027529,0.709882343,0.534208329,1.549846729,9,1,0,4.682502619,0.577402309,4.269453919,5.095551318,10,0,0,0.000000000,0.000000000,0.000000000,0.000000000,0,0,10
drift,homog,low,hybrid,binpack,10,0.000000000,0.000000000,0.000000000,0.000000000,0,0,10,0.339516840,0.309588967,0.118050250,0.560983429,9,1,0,0.053649117,0.026676879,0.034565628,0.072732605,10,0,0,0.000000000,0.000000000,0.000000000,0.000000000,0,0,10,0.000000000,0.000000000,0.000000000,0.000000000,0,0,10,-0.000000000,0.000000000,-0.000000000,0.000000000,0,0,10,-0.000000000,0.000000000,-0.000000000,0.000000000,0,0,10,0.868324716,0.433919492,0.557917433,1.178731998,10,0,0,4.300049991,0.529037104,3.921599672,4.678500310,10,0,0,0.000000000,0.000000000,0.000000000,0.000000000,0,0,10
drift,homog,med,spread,binpack,10,0.234000000,0.204407001,0.087776050,0.380223950,9,1,0,0.539158940,0.493042462,0.186457635,0.891860245,9,1,0,-0.307133545,0.218881916,-0.463712224,-0.150554866,1,9,0,-14.500000000,12.186057607,-23.217379838,-5.782620162,1,9,0,0.010145626,0.008792020,0.003856194,0.016435058,9,1,0,0.002655909,0.003140769,0.000409138,0.004902680,8,2,0,0.010582362,0.008140094,0.004759290,0.016405434,8,2,0,-6.043641718,4.226609847,-9.067176043,-3.020107392,1,9,0,1.566214500,0.136540281,1.468539474,1.663889526,10,0,0,0.125366533,0.158542104,0.011952352,0.238780714,7,3,0
drift,homog,med,tetris,binpack,10,0.356000000,0.227996101,0.192901426,0.519098574,9,1,0,1.609072205,2.278486061,-0.020858416,3.239002827,9,1,0,-0.462877199,0.237242565,-0.632590294,-0.293164104,0,10,0,-21.900000000,13.763478243,-31.745798502,-12.054201498,0,9,1,0.015435652,0.009800717,0.008424642,0.022446662,9,1,0,0.002396070,0.003625020,-0.000197113,0.004989252,9,1,0,0.017356592,0.010770834,0.009651602,0.025061582,9,1,0,-9.167154945,4.711868945,-12.537822692,-5.796487198,0,10,0,1.566214500,0.136540281,1.468539474,1.663889526,10,0,0,0.235629316,0.152994224,0.126183849,0.345074783,10,0,0
drift,homog,med,hybrid,binpack,10,0.334000000,0.223119300,0.174390079,0.493609921,9,1,0,1.027070826,1.473323322,-0.026881111,2.081022764,9,1,0,-0.408332145,0.293806158,-0.618508394,-0.198155897,1,9,0,-18.900000000,10.650508595,-26.518914327,-11.281085673,1,9,0,0.014371238,0.009321791,0.007702831,0.021039646,9,1,0,0.002471406,0.002522937,0.000666606,0.004276206,9,1,0,0.012595758,0.010124427,0.005353179,0.019838336,9,1,0,-8.277690845,5.973628827,-12.550967173,-4.004414517,1,9,0,1.468677777,0.119703875,1.383046789,1.554308765,10,0,0,0.146418178,0.168170949,0.026115937,0.266720419,8,2,0
drift,homog,high,spread,binpack,10,0.542000000,0.259306768,0.356503126,0.727496874,10,0,0,0.022568943,1.456505460,-1.019352222,1.064490107,3,7,0,-0.759300021,0.306745760,-0.978732703,-0.539867339,0,10,0,-25.400000000,20.554534509,-40.103827152,-10.696172848,1,9,0,0.018056387,0.008431690,0.012024720,0.024088054,10,0,0,-0.000919872,0.001475374,-0.001975290,0.000135547,4,6,0,0.025601605,0.010367480,0.018185157,0.033018053,10,0,0,-15.428392874,5.229617226,-19.169435403,-11.687350345,0,10,0,1.202686401,0.087791985,1.139883803,1.265488999,10,0,0,0.261640490,0.165435736,0.143294902,0.379986078,10,0,0
drift,homog,high,tetris,binpack,10,0.980000000,0.425310344,0.675751330,1.284248670,10,0,0,0.553691508,2.159511547,-0.991129879,2.098512896,5,5,0,-1.231045898,0.392475465,-1.511805912,-0.950285884,0,10,0,-46.400000000,27.338210947,-65.956576590,-26.843423410,1,9,0,0.032767594,0.014122695,0.022664827,0.042870361,10,0,0,-0.003463980,0.001781913,-0.004738683,-0.002189276,0,10,0,0.043347548,0.013853133,0.033437615,0.053257482,10,0,0,-24.863727876,7.682442836,-30.359416018,-19.368039735,0,10,0,1.202686401,0.087791985,1.139883803,1.265488999,10,0,0,0.433872811,0.207828455,0.285201301,0.582544321,10,0,0
drift,homog,high,hybrid,binpack,10,0.858000000,0.368233018,0.594581987,1.121418013,10,0,0,-0.024532355,1.629759207,-1.190391775,1.141327065,4,6,0,-1.158518827,0.383489540,-1.432850698,-0.884186956,0,10,0,-38.500000000,24.527762049,-56.046102707,-20.953897293,0,10,0,0.028861014,0.012755158,0.019736525,0.037985504,10,0,0,-0.001443194,0.001729642,-0.002680505,-0.000205883,2,8,0,0.038051326,0.014146669,0.027931410,0.048171243,10,0,0,-23.366632248,6.523575664,-28.033316815,-18.699947681,0,10,0,1.131725929,0.074679691,1.078303300,1.185148558,10,0,0,0.401226355,0.203938993,0.255337198,0.547115512,10,0,0
drift,hetero,low,spread,binpack,10,0.000000000,0.000000000,0.000000000,0.000000000,0,0,10,0.321096398,0.383217458,0.046959163,0.595233634,9,0,1,0.029172739,0.023666168,0.012242984,0.046102494,10,0,0,0.000000000,0.000000000,0.000000000,0.000000000,0,0,10,0.000000000,0.000000000,0.000000000,0.000000000,0,0,10,-0.000000000,0.000000000,-0.000000000,0.000000000,0,0,10,-0.000000000,0.000000000,-0.000000000,0.000000000,0,0,10,0.472549531,0.377289752,0.202652721,0.742446341,10,0,0,4.102912427,0.458117002,3.775195289,4.430629564,10,0,0,0.000000000,0.000000000,0.000000000,0.000000000,0,0,10
drift,hetero,low,tetris,binpack,10,0.000000000,0.000000000,0.000000000,0.000000000,0,0,10,0.532710028,0.370966992,0.267336248,0.798083809,10,0,0,0.056847799,0.022089291,0.041046073,0.072649525,10,0,0,0.000000000,0.000000000,0.000000000,0.000000000,0,0,10,0.000000000,0.000000000,0.000000000,0.000000000,0,0,10,-0.000000000,0.000000000,-0.000000000,0.000000000,0,0,10,-0.000000000,0.000000000,-0.000000000,0.000000000,0,0,10,0.915622774,0.355818307,0.661085709,1.170159838,10,0,0,3.012359930,0.653242267,2.545058597,3.479661263,10,0,0,0.000000000,0.000000000,0.000000000,0.000000000,0,0,10
drift,hetero,low,hybrid,binpack,10,0.000000000,0.000000000,0.000000000,0.000000000,0,0,10,0.470672716,0.476027193,0.130143400,0.811202031,10,0,0,0.056959683,0.027808267,0.037066849,0.076852518,10,0,0,0.000000000,0.000000000,0.000000000,0.000000000,0,0,10,0.000000000,0.000000000,0.000000000,0.000000000,0,0,10,-0.000000000,0.000000000,-0.000000000,0.000000000,0,0,10,-0.000000000,0.000000000,-0.000000000,0.000000000,0,0,10,0.928276907,0.476685221,0.587276867,1.269276947,10,0,0,1.835823109,0.611566139,1.398335080,2.273311139,10,0,0,0.000000000,0.000000000,0.000000000,0.000000000,0,0,10
drift,hetero,med,spread,binpack,10,0.040000000,0.222311093,-0.119031764,0.199031764,7,3,0,0.328829367,0.311338423,0.106111292,0.551547442,9,1,0,-0.171939458,0.285735655,-0.376342417,0.032463501,3,7,0,-2.800000000,11.013123485,-10.678313374,5.078313374,3,7,0,0.001879779,0.009675806,-0.005041875,0.008801434,7,3,0,0.001880608,0.004238228,-0.001151238,0.004912454,7,3,0,0.004285760,0.010308117,-0.003088223,0.011659742,7,3,0,-3.488471619,5.467837530,-7.399926675,0.422983438,2,8,0,1.326803559,0.132531437,1.231996287,1.421610830,10,0,0,0.047439509,0.139604489,-0.052427519,0.147306537,7,3,0
drift,hetero,med,tetris,binpack,10,0.208000000,0.174915853,0.082872746,0.333127254,9,1,0,0.429835615,0.476089254,0.089261904,0.770409327,7,3,0,-0.260099734,0.200153792,-0.403281121,-0.116918347,2,8,0,-8.600000000,9.628660920,-15.487928589,-1.712071411,1,9,0,0.008909176,0.007428015,0.003595494,0.014222857,9,1,0,0.002450186,0.003900315,-0.000339931,0.005240303,7,3,0,0.005939458,0.008290783,0.000008590,0.011870327,8,2,0,-5.450820762,3.682669345,-8.085243520,-2.816398003,1,9,0,0.997116967,0.114721093,0.915050447,1.079183487,10,0,0,0.072579959,0.172262260,-0.050649029,0.195808948,7,3,0
drift,hetero,med,hybrid,binpack,10,0.242000000,0.167716692,0.122022715,0.361977285,9,1,0,0.292566599,0.373871847,0.025114810,0.560018387,7,3,0,-0.313930033,0.143586995,-0.416645974,-0.211214092,0,10,0,-8.800000000,7.941452428,-14.480972429,-3.119027571,0,10,0,0.010447933,0.006851901,0.005546378,0.015349487,9,1,0,0.002460378,0.003359710,0.000056986,0.004863769,7,3,0,0.007257362,0.005603776,0.003248663,0.011266061,9,1,0,-6.620459421,2.823668275,-8.640389876,-4.600528965,0,10,0,0.858262126,0.122587382,0.770568401,0.945955850,10,0,0,0.077445600,0.144000866,-0.025566406,0.180457606,7,3,0
drift,hetero,high,spread,binpack,10,0.326000000,0.398892912,0.040649221,0.611350779,9,1,0,-0.128120027,0.637778150,-0.584358999,0.328118944,4,6,0,-0.458152632,0.585563111,-0.877039217,-0.039266046,3,7,0,-12.800000000,36.562883426,-38.955509279,13.355509279,4,6,0,0.011171488,0.013559296,0.001471753,0.020871223,9,1,0,-0.000420963,0.001288695,-0.001342840,0.000500914,3,7,0,0.013304273,0.013148312,0.003898538,0.022710008,10,0,0,-9.007216288,9.119978373,-15.531255330,-2.483177246,1,9,0,1.031285095,0.099018528,0.960451512,1.102118677,10,0,0,0.142009948,0.194346146,0.002983100,0.281036796,7,3,0
drift,hetero,high,tetris,binpack,10,0.640000000,0.534665004,0.257523724,1.022476276,9,1,0,-0.212912613,0.884945001,-0.845964085,0.420138860,2,8,0,-0.841910236,0.613599203,-1.280852632,-0.402967841,0,10,0,-34.400000000,37.544640097,-61.257815643,-7.542184357,1,9,0,0.021664184,0.018245574,0.008612088,0.034716280,9,1,0,-0.001338396,0.002024307,-0.002786499,0.000109706,2,8,0,0.022890674,0.015972917,0.011464339,0.034317010,10,0,0,-16.439034069,11.399881683,-24.594017571,-8.284050567,0,10,0,0.764149626,0.111936870,0.684074819,0.844224433,10,0,0,0.227869680,0.248482289,0.050116171,0.405623188,9,1,0
drift,hetero,high,hybrid,binpack,10,0.436000000,0.614115443,-0.003311692,0.875311692,7,3,0,0.157378080,0.690542114,-0.336605955,0.651362114,5,5,0,-0.594628058,0.758885085,-1.137501706,-0.051754411,2,8,0,-22.800000000,41.098256248,-52.199919315,6.599919315,2,8,0,0.014680893,0.021026819,-0.000360786,0.029722572,7,3,0,-0.000906049,0.001734241,-0.002146651,0.000334552,2,8,0,0.015851730,0.017181755,0.003560644,0.028142817,8,2,0,-12.777572054,12.948567073,-22.040418266,-3.514725843,3,7,0,0.663855192,0.111792478,0.583883677,0.743826708,10,0,0,0.103465376,0.289322780,-0.103503658,0.310434410,7,3,0
pred_error,homog,low,spread,binpack,10,0.000000000,0.000000000,0.000000000,0.000000000,0,0,10,0.000000000,0.000000000,0.000000000,0.000000000,0,0,10,0.000019612,0.000062017,-0.000024753,0.000063976,1,0,9,0.000000000,0.000000000,0.000000000,0.000000000,0,0,10,0.000000000,0.000000000,0.000000000,0.000000000,0,0,10,0.000000000,0.000000000,0.000000000,0.000000000,0,0,10,0.000000000,0.000000000,0.000000000,0.000000000,0,0,10,0.000227494,0.000719399,-0.000287133,0.000742121,1,0,9,7.747733819,0.975184527,7.050128883,8.445338755,10,0,0,0.000000000,0.000000000,0.000000000,0.000000000,0,0,10
pred_error,homog,low,tetris,binpack,10,0.000000000,0.000000000,0.000000000,0.000000000,0,0,10,0.000000000,0.000000000,0.000000000,0.000000000,0,0,10,0.001049743,0.001591979,-0.000089090,0.002188577,7,0,3,0.000000000,0.000000000,0.000000000,0.000000000,0,0,10,0.000000000,0.000000000,0.000000000,0.000000000,0,0,10,-0.000036472,0.000071284,-0.000087466,0.000014521,0,3,7,-0.000005471,0.000010693,-0.000013120,0.000002178,0,3,7,0.012053569,0.018372365,-0.001089229,0.025196366,7,0,3,7.747008602,0.972882194,7.051050657,8.442966548,10,0,0,0.000000000,0.000000000,0.000000000,0.000000000,0,0,10
pred_error,homog,low,hybrid,binpack,10,0.000000000,0.000000000,0.000000000,0.000000000,0,0,10,0.000000000,0.000000000,0.000000000,0.000000000,0,0,10,0.000828342,0.002098862,-0.000673093,0.002329777,5,0,5,0.000000000,0.000000000,0.000000000,0.000000000,0,0,10,0.000000000,0.000000000,0.000000000,0.000000000,0,0,10,-0.000008696,0.000018333,-0.000021810,0.000004419,0,2,8,-0.000001304,0.000002750,-0.000003271,0.000000663,0,2,8,0.009578623,0.024352098,-0.007841817,0.026999063,5,0,5,7.452354659,0.977949381,6.752771867,8.151937452,10,0,0,0.000000000,0.000000000,0.000000000,0.000000000,0,0,10
pred_error,homog,med,spread,binpack,10,-0.044000000,0.059479221,-0.086548869,-0.001451131,1,6,3,0.786974741,0.734385134,0.261627301,1.312322180,8,2,0,0.091535437,0.044825693,0.059469070,0.123601804,10,0,0,2.600000000,2.913569784,0.515757884,4.684242116,7,0,3,-0.002657176,0.003632564,-0.005255755,-0.000058596,1,6,3,-0.004588789,0.003069444,-0.006784537,-0.002393041,1,9,0,-0.000677582,0.000521698,-0.001050782,-0.000304382,2,8,0,1.279088335,0.685658645,0.788597723,1.769578947,10,0,0,2.436571720,0.368368747,2.173056611,2.700086828,10,0,0,-0.113085591,0.106116798,-0.188996969,-0.037174212,1,9,0
pred_error,homog,med,tetris,binpack,10,-0.098000000,0.092111044,-0.163892267,-0.032107733,1,8,1,1.512984241,0.969485451,0.819456178,2.206512304,10,0,0,0.188321915,0.076132463,0.133860036,0.242783794,10,0,0,5.300000000,5.618422080,1.280823254,9.319176746,9,1,0,-0.006010459,0.005532054,-0.009967851,-0.002053066,1,8,1,-0.009607420,0.003011641,-0.011761818,-0.007453022,0,10,0,-0.001266470,0.000903841,-0.001913039,-0.000619901,1,9,0,2.664483083,1.184474423,1.817161185,3.511804980,10,0,0,2.436571720,0.368368747,2.173056611,2.700086828,10,0,0,-0.172643520,0.100739743,-0.244708386,-0.100578655,0,10,0
pred_error,homog,med,hybrid,binpack,10,-0.068000000,0.113215625,-0.148989573,0.012989573,2,8,0,1.247050863,1.056859118,0.491019449,2.003082277,10,0,0,0.174401567,0.078930202,0.117938306,0.230864828,10,0,0,3.000000000,5.962847940,-1.265564146,7.265564146,8,1,1,-0.004228576,0.006683827,-0.009009897,0.000552745,2,8,0,-0.008739734,0.004077565,-0.011656648,-0.005822820,0,10,0,-0.001076530,0.000817769,-0.001661527,-0.000491533,1,9,0,2.521624560,1.190798910,1.669778398,3.373470722,10,0,0,2.207015192,0.364423879,1.946322072,2.467708312,10,0,0,-0.147914282,0.062472165,-0.192604174,-0.103224391,0,10,0
pred_error,homog,high,spread,binpack,10,-0.058000000,0.064944421,-0.104458436,-0.011541564,1,7,2,0.404445987,0.847349177,-0.201711055,1.010603029,7,3,0,0.001720205,0.138524720,-0.097374403,0.100814813,5,5,0,2.600000000,3.533962208,0.071955911,5.128044089,6,3,1,-0.002737048,0.003075413,-0.004937065,-0.000537030,1,7,2,-0.001833908,0.003775197,-0.004534521,0.000866706,2,8,0,-0.000253410,0.001995975,-0.001681244,0.001174424,4,6,0,-0.122917585,2.046704852,-1.587041930,1.341206760,4,6,0,1.757355269,0.143569924,1.654651539,1.860058998,10,0,0,-0.045632618,0.096318558,-0.114534759,0.023269523,3,7,0
pred_error,homog,high,tetris,binpack,10,-0.020000000,0.057348835,-0.061024882,0.021024882,5,5,0,0.867958688,1.542264722,-0.235310953,1.971228328,6,4,0,0.036677450,0.133937526,-0.059135677,0.132490577,5,5,0,-0.200000000,4.417138340,-3.359830188,2.959830188,3,7,0,-0.000971690,0.002692123,-0.002897519,0.000954138,5,5,0,-0.005345968,0.002808135,-0.007354787,-0.003337149,0,10,0,0.000348828,0.002047273,-0.001115703,0.001813359,6,4,0,-0.145915686,2.150622240,-1.684378047,1.392546674,2,8,0,1.757355269,0.143569924,1.654651539,1.860058998,10,0,0,-0.063303383,0.081765926,-0.121795198,-0.004811567,2,8,0
pred_error,homog,high,hybrid,binpack,10,-0.012000000,0.054324130,-0.050861139,0.026861139,4,5,1,0.586573174,1.252292572,-0.309262901,1.482409249,6,4,0,0.028536874,0.076194949,-0.025969705,0.083043453,6,4,0,1.100000000,4.408325457,-2.053525832,4.253525832,5,3,2,-0.000590755,0.002577419,-0.002434530,0.001253019,4,5,1,-0.004625159,0.002446299,-0.006375136,-0.002875182,0,10,0,-0.000092571,0.001254860,-0.000990244,0.000805101,5,5,0,-0.136872414,1.403497160,-1.140873728,0.867128900,5,5,0,1.602118456,0.162226396,1.486068691,1.718168221,10,0,0,-0.054533915,0.111637345,-0.134394455,0.025326625,3,7,0
pred_error,hetero,low,spread,binpack,10,0.000000000,0.000000000,0.000000000,0.000000000,0,0,10,0.000000000,0.000000000,0.000000000,0.000000000,0,0,10,0.000000000,0.000000000,0.000000000,0.000000000,0,0,10,0.000000000,0.000000000,0.000000000,0.000000000,0,0,10,0.000000000,0.000000000,0.000000000,0.000000000,0,0,10,0.000000000,0.000000000,0.000000000,0.000000000,0,0,10,0.000000000,0.000000000,0.000000000,0.000000000,0,0,10,0.000000000,0.000000000,0.000000000,0.000000000,0,0,10,6.580336411,0.940762599,5.907355437,7.253317384,10,0,0,0.000000000,0.000000000,0.000000000,0.000000000,0,0,10
pred_error,hetero,low,tetris,binpack,10,0.000000000,0.000000000,0.000000000,0.000000000,0,0,10,0.000000000,0.000000000,0.000000000,0.000000000,0,0,10,0.000453870,0.001303231,-0.000478405,0.001386146,2,0,8,0.000000000,0.000000000,0.000000000,0.000000000,0,0,10,0.000000000,0.000000000,0.000000000,0.000000000,0,0,10,-0.000000000,0.000000000,-0.000000000,0.000000000,0,0,10,0.000000000,0.000000000,-0.000000000,0.000000000,0,0,10,0.005017689,0.014334446,-0.005236555,0.015271933,2,0,8,5.751707126,1.032399882,5.013172794,6.490241457,10,0,0,0.000000000,0.000000000,0.000000000,0.000000000,0,0,10
pred_error,hetero,low,hybrid,binpack,10,0.000000000,0.000000000,0.000000000,0.000000000,0,0,10,0.000000000,0.000000000,0.000000000,0.000000000,0,0,10,0.000290810,0.000724129,-0.000227200,0.000808821,2,0,8,0.000000000,0.000000000,0.000000000,0.000000000,0,0,10,0.000000000,0.000000000,0.000000000,0.000000000,0,0,10,-0.000000000,0.000000000,-0.000000000,0.000000000,0,0,10,0.000000000,0.000000000,-0.000000000,0.000000000,0,0,10,0.003239657,0.007988044,-0.002474645,0.008953959,2,0,8,5.425727623,1.029651549,4.689159330,6.162295916,10,0,0,0.000000000,0.000000000,0.000000000,0.000000000,0,0,10
pred_error,hetero,med,spread,binpack,10,-0.032000000,0.075542483,-0.086039833,0.022039833,3,7,0,0.197515570,0.348142509,-0.051530560,0.446561700,8,2,0,0.063050373,0.049056752,0.027957289,0.098143457,9,1,0,1.600000000,2.875181154,-0.456780546,3.656780546,7,1,2,-0.002070394,0.004606980,-0.005366029,0.001225241,3,7,0,-0.002158038,0.001811557,-0.003453948,-0.000862129,1,9,0,-0.000379095,0.000494761,-0.000733026,-0.000025165,3,7,0,0.882167070,0.770412580,0.331047150,1.433286990,9,1,0,2.048333196,0.275543932,1.851220956,2.245445437,10,0,0,-0.047943504,0.070433296,-0.098328446,0.002441437,2,8,0
pred_error,hetero,med,tetris,binpack,10,-0.044000000,0.069793346,-0.093927148,0.005927148,2,7,1,0.810848260,0.832472251,0.215333529,1.406362992,9,1,0,0.155664604,0.094412495,0.088125978,0.223203229,10,0,0,2.200000000,2.740640639,0.239463933,4.160536067,8,1,1,-0.002719885,0.004315927,-0.005807313,0.000367542,2,7,1,-0.006932093,0.004713947,-0.010304248,-0.003559938,1,9,0,-0.000981354,0.000509359,-0.001345727,-0.000616980,1,9,0,2.251284919,1.336867783,1.294947387,3.207622451,10,0,0,1.451293188,0.333517930,1.212708850,1.689877525,10,0,0,-0.088191533,0.117776246,-0.172443578,-0.003939489,1,9,0
pred_error,hetero,med,hybrid,binpack,10,-0.060000000,0.063245553,-0.105243140,-0.014756860,1,7,2,0.502533616,0.764716270,-0.044511410,1.049578641,7,3,0,0.131176047,0.085313687,0.070146316,0.192205778,10,0,0,2.400000000,3.470510689,-0.082653610,4.882653610,7,3,0,-0.003677348,0.003858190,-0.006437331,-0.000917366,1,7,2,-0.004975967,0.004175904,-0.007963229,-0.001988706,0,10,0,-0.000860096,0.000767440,-0.001409090,-0.000311103,0,10,0,1.886785239,1.190518818,1.035139443,2.738431036,10,0,0,1.253523914,0.365669987,0.991939382,1.515108445,10,0,0,-0.076428844,0.139361738,-0.176122218,0.023264531,2,8,0
pred_error,hetero,high,spread,binpack,10,-0.010000000,0.062003584,-0.054354689,0.034354689,4,5,1,0.168276862,1.636161836,-1.002162722,1.338716446,6,4,0,-0.013348991,0.142399048,-0.115215126,0.088517144,4,6,0,0.900000000,5.626327004,-3.124831588,4.924831588,5,4,1,-0.000448182,0.002876219,-0.002505706,0.001609341,4,5,1,-0.002127042,0.001802338,-0.003416357,-0.000837728,1,9,0,-0.000525725,0.001224357,-0.001401577,0.000350127,3,7,0,-0.412703023,1.772735158,-1.680841269,0.855435223,5,5,0,1.469802423,0.145275133,1.365878861,1.573725985,10,0,0,-0.004237003,0.128306763,-0.096022126,0.087548119,5,5,0
pred_error,hetero,high,tetris,binpack,10,0.012000000,0.123360357,-0.076246677,0.100246677,6,3,1,0.714985015,1.076408806,-0.055031403,1.485001433,8,2,0,-0.017782085,0.120203532,-0.103770505,0.068206336,4,6,0,0.500000000,7.321960879,-4.737814903,5.737814903,3,7,0,0.000677574,0.005813587,-0.003481215,0.004836364,6,3,1,-0.004016455,0.002012370,-0.005456018,-0.002576892,0,10,0,-0.000679394,0.001251720,-0.001574821,0.000216032,3,7,0,-0.494766088,2.209992577,-2.075699427,1.086167250,2,8,0,1.070749861,0.158825214,0.957133156,1.184366566,10,0,0,-0.089652016,0.107871463,-0.166818606,-0.012485425,2,8,0
pred_error,hetero,high,hybrid,binpack,10,0.020000000,0.103279556,-0.053881738,0.093881738,4,6,0,0.633873338,1.177504591,-0.208462642,1.476209318,7,3,0,-0.043431979,0.113082066,-0.124326010,0.037462052,3,7,0,0.300000000,5.165053512,-3.394856433,3.994856433,6,4,0,0.001056673,0.004962805,-0.002493503,0.004606850,4,6,0,-0.003200658,0.002412810,-0.004926678,-0.001474638,1,9,0,0.000143712,0.001373989,-0.000839180,0.001126605,5,5,0,-0.894699268,1.736485009,-2.136905722,0.347507186,3,7,0,0.909858017,0.153354823,0.800154593,1.019561441,10,0,0,-0.071362369,0.140139798,-0.171612335,0.028887596,3,7,0
adversarial,homog,low,spread,binpack,10,0.000000000,0.000000000,0.000000000,0.000000000,0,0,10,0.296209340,0.152950044,0.186795477,0.405623202,10,0,0,0.054585675,0.019881651,0.040363200,0.068808150,10,0,0,0.000000000,0.000000000,0.000000000,0.000000000,0,0,10,0.000000000,0.000000000,0.000000000,0.000000000,0,0,10,-0.000000000,0.000000000,-0.000000000,0.000000000,0,0,10,0.000000000,0.000000000,-0.000000000,0.000000000,0,0,10,0.885965674,0.327518485,0.651673081,1.120258267,10,0,0,5.574822184,0.737945209,5.046928020,6.102716348,10,0,0,0.000000000,0.000000000,0.000000000,0.000000000,0,0,10
adversarial,homog,low,tetris,binpack,10,0.000000000,0.000000000,0.000000000,0.000000000,0,0,10,0.966784193,0.186113467,0.833646649,1.099921737,10,0,0,0.142200840,0.046000572,0.109294015,0.175107665,10,0,0,0.000000000,0.000000000,0.000000000,0.000000000,0,0,10,0.000000000,0.000000000,0.000000000,0.000000000,0,0,10,0.000000000,0.000000000,-0.000000000,0.000000000,0,0,10,0.000000000,0.000000000,-0.000000000,0.000000000,0,0,10,2.325021499,0.799433530,1.753141244,2.896901755,10,0,0,4.959866160,0.757488902,4.417991282,5.501741039,10,0,0,0.000000000,0.000000000,0.000000000,0.000000000,0,0,10
adversarial,homog,low,hybrid,binpack,10,0.000000000,0.000000000,0.000000000,0.000000000,0,0,10,0.088733898,0.106241043,0.012733639,0.164734157,7,2,1,0.012833740,0.007294358,0.007615671,0.018051809,10,0,0,0.000000000,0.000000000,0.000000000,0.000000000,0,0,10,0.000000000,0.000000000,0.000000000,0.000000000,0,0,10,0.000000000,0.000000000,-0.000000000,0.000000000,0,0,10,-0.000000000,0.000000000,-0.000000000,0.000000000,0,0,10,0.207840967,0.118642019,0.122969586,0.292712349,10,0,0,4.415222504,0.755121029,3.875041500,4.955403508,10,0,0,0.000000000,0.000000000,0.000000000,0.000000000,0,0,10
adversarial,homog,med,spread,binpack,10,-0.136000000,0.125361699,-0.225678351,-0.046321649,1,9,0,0.573842012,0.344658871,0.327287926,0.820396098,9,1,0,0.314023869,0.096724251,0.244831513,0.383216225,10,0,0,10.100000000,9.397990329,3.377083200,16.822916800,6,0,4,-0.005857878,0.005529483,-0.009813431,-0.001902325,1,9,0,-0.006059109,0.003560992,-0.008606489,-0.003511729,1,9,0,-0.000644015,0.001669439,-0.001838260,0.000550229,4,6,0,6.934801653,2.283511565,5.301276002,8.568327303,10,0,0,1.477371303,0.108302677,1.399896241,1.554846366,10,0,0,-0.054528229,0.034493428,-0.079203339,-0.029853119,0,8,2
adversarial,homog,med,tetris,binpack,10,-0.368000000,0.110835213,-0.447286729,-0.288713271,0,10,0,1.424366033,0.240242094,1.252507204,1.596224861,10,0,0,0.328922176,0.083827534,0.268955575,0.388888777,10,0,0,24.200000000,15.887101687,12.835052911,35.564947089,8,0,2,-0.015958915,0.004887254,-0.019455045,-0.012462785,0,10,0,-0.020368893,0.005088360,-0.024008886,-0.016728900,0,10,0,-0.007094486,0.002629279,-0.008975359,-0.005213613,0,10,0,6.805632179,2.230409843,5.210093210,8.401171149,10,0,0,1.056442222,0.080859035,0.998599157,1.114285286,10,0,0,-0.202543713,0.087490136,-0.265130382,-0.139957045,0,9,1
adversarial,homog,med,hybrid,binpack,10,-0.004000000,0.051467358,-0.040817527,0.032817527,4,3,3,0.036793047,0.098580929,-0.033727496,0.107313590,6,4,0,-0.006372895,0.043415946,-0.037430790,0.024685000,4,6,0,0.400000000,2.633122354,-1.483622125,2.283622125,3,3,4,-0.000208589,0.002239995,-0.001810985,0.001393806,4,3,3,0.000232509,0.001454633,-0.000808073,0.001273090,6,4,0,0.000348767,0.000796356,-0.000220912,0.000918446,6,4,0,-0.130846722,0.975388955,-0.828597897,0.566904453,4,6,0,0.796049405,0.063426093,0.750677114,0.841421695,10,0,0,0.025373513,0.040025030,-0.003258667,0.054005693,5,1,4
adversarial,homog,high,spread,binpack,10,-0.436000000,0.250119971,-0.614925036,-0.257074964,0,10,0,0.095111591,0.535444635,-0.287922399,0.478145581,5,5,0,0.484636907,0.207826647,0.335966691,0.633307123,10,0,0,6.600000000,8.099382693,0.806051074,12.393948926,7,2,1,-0.014447283,0.008093474,-0.020237005,-0.008657561,0,10,0,-0.007453701,0.001753750,-0.008708258,-0.006199144,0,10,0,-0.002662438,0.002010634,-0.004100758,-0.001224117,0,10,0,12.075679727,4.314705339,8.989125688,15.162233766,10,0,0,1.131280178,0.082556599,1.072222748,1.190337607,10,0,0,-0.054498257,0.056950267,-0.095238021,-0.013758493,3,7,0
adversarial,homog,high,tetris,binpack,10,0.344000000,0.445301396,0.025450594,0.662549406,8,1,1,0.472229283,1.436684229,-0.555512627,1.499971194,5,5,0,-0.959879409,0.394163566,-1.241847018,-0.677911800,0,10,0,7.300000000,13.400248754,-2.285959798,16.885959798,8,2,0,0.011174920,0.014501817,0.000800945,0.021548894,8,1,1,-0.017156440,0.005328595,-0.020968287,-0.013344593,0,10,0,0.006984541,0.004730111,0.003600824,0.010368258,10,0,0,-32.808344251,9.459561778,-39.575306610,-26.041381893,0,10,0,0.807488576,0.060135309,0.764470370,0.850506782,10,0,0,-0.170894471,0.132887044,-0.265956129,-0.075832813,0,10,0
adversarial,homog,high,hybrid,binpack,10,0.050000000,0.091530201,-0.015476757,0.115476757,6,3,1,-0.023090493,0.312218128,-0.246437871,0.200256885,6,4,0,-0.029291008,0.088997321,-0.092955851,0.034373835,5,5,0,-1.200000000,4.157990968,-4.174447340,1.774447340,5,5,0,0.001636002,0.003020694,-0.000524872,0.003796876,6,3,1,-0.000367012,0.001585540,-0.001501239,0.000767216,3,7,0,0.000231781,0.000449888,-0.000090049,0.000553612,6,4,0,-0.620255191,1.969856094,-2.029405250,0.788894869,3,7,0,0.607186409,0.045013179,0.574985923,0.639386895,10,0,0,-0.005172796,0.044534740,-0.037031027,0.026685435,6,4,0
adversarial,hetero,low,spread,binpack,10,0.000000000,0.000000000,0.000000000,0.000000000,0,0,10,0.196317081,0.223951243,0.036112024,0.356522138,9,1,0,-0.006691475,0.032479923,-0.029926211,0.016543260,5,5,0,0.000000000,0.000000000,0.000000000,0.000000000,0,0,10,0.000000000,0.000000000,0.000000000,0.000000000,0,0,10,-0.000000000,0.000000000,-0.000000000,0.000000000,0,0,10,0.000000000,0.000000000,-0.000000000,0.000000000,0,0,10,-0.114505259,0.526732178,-0.491306733,0.262296215,5,5,0,4.937436538,0.640826240,4.479017094,5.395855981,10,0,0,0.000000000,0.000000000,0.000000000,0.000000000,0,0,10
adversarial,hetero,low,tetris,binpack,10,0.000000000,0.000000000,0.000000000,0.000000000,0,0,10,0.163263962,0.240664742,-0.008897211,0.335425135,7,3,0,-0.002236090,0.046254583,-0.035324623,0.030852443,4,6,0,0.000000000,0.000000000,0.000000000,0.000000000,0,0,10,0.000000000,0.000000000,0.000000000,0.000000000,0,0,10,-0.000000000,0.000000000,-0.000000000,0.000000000,0,0,10,-0.000000000,0.000000000,-0.000000000,0.000000000,0,0,10,-0.027632103,0.786892431,-0.590540997,0.535276791,4,6,0,4.029170544,0.805992255,3.452598459,4.605742628,10,0,0,0.000000000,0.000000000,0.000000000,0.000000000,0,0,10
adversarial,hetero,low,hybrid,binpack,10,0.000000000,0.000000000,0.000000000,0.000000000,0,0,10,0.101249166,0.172664668,-0.022267688,0.224766019,7,3,0,-0.017229064,0.031975231,-0.040102765,0.005644636,3,7,0,0.000000000,0.000000000,0.000000000,0.000000000,0,0,10,0.000000000,0.000000000,0.000000000,0.000000000,0,0,10,-0.000000000,0.000000000,-0.000000000,0.000000000,0,0,10,-0.000000000,0.000000000,-0.000000000,0.000000000,0,0,10,-0.277861869,0.522601975,-0.651708774,0.095985036,3,7,0,2.192732601,1.111259733,1.397785334,2.987679868,10,0,0,0.000000000,0.000000000,0.000000000,0.000000000,0,0,10
adversarial,hetero,med,spread,binpack,10,-0.020000000,0.122927259,-0.107936858,0.067936858,4,6,0,0.052851868,0.554057411,-0.343496898,0.449200635,6,4,0,-0.299723624,0.203334582,-0.445180411,-0.154266837,1,9,0,1.600000000,11.529671866,-6.647829799,9.847829799,5,3,2,-0.000954678,0.005419801,-0.004831770,0.002922414,4,6,0,-0.000593272,0.004715225,-0.003966340,0.002779797,6,4,0,-0.000985861,0.001541883,-0.002088858,0.000117135,3,7,0,-7.021770777,4.596668846,-10.310029344,-3.733512211,1,9,0,1.122741071,0.118113601,1.038247696,1.207234445,10,0,0,-0.015722634,0.069618211,-0.065524499,0.034079231,3,5,2
adversarial,hetero,med,tetris,binpack,10,0.004000000,0.082623645,-0.055105391,0.063105391,4,5,1,-0.098392870,0.423163686,-0.401105914,0.204320173,5,5,0,-0.334903119,0.170988115,-0.457220639,-0.212585598,0,10,0,-1.100000000,9.746224340,-8.072028387,5.872028387,3,4,3,0.000094486,0.003639124,-0.002508786,0.002697759,4,5,1,0.000028731,0.003066778,-0.002165110,0.002222571,4,6,0,-0.001780917,0.001858126,-0.003110140,-0.000451694,1,9,0,-7.691911279,3.900247893,-10.481980343,-4.901842215,0,10,0,0.713899675,0.126921768,0.623105318,0.804694032,10,0,0,0.009157775,0.040967758,-0.020148792,0.038464342,4,4,2
adversarial,hetero,med,hybrid,binpack,10,0.032000000,0.081758452,-0.026486469,0.090486469,4,5,1,-0.184961551,0.353286423,-0.437687415,0.067764313,5,5,0,-0.218803336,0.166878707,-0.338181162,-0.099425509,0,10,0,-4.100000000,8.359292899,-10.079877474,1.879877474,2,5,3,0.001369641,0.003531085,-0.001156345,0.003895627,4,5,1,0.002223984,0.004972187,-0.001332904,0.005780873,6,4,0,-0.000378714,0.001451752,-0.001417235,0.000659807,3,7,0,-4.917215524,3.619029102,-7.506112799,-2.328318249,0,10,0,0.394989681,0.154211737,0.284673258,0.505306104,10,0,0,0.022962215,0.080467157,-0.034600518,0.080524947,5,3,2
adversarial,hetero,high,spread,binpack,10,0.826000000,0.429992248,0.518402098,1.133597902,10,0,0,1.203693235,1.352524758,0.236155378,2.171231091,8,2,0,-1.220670742,0.325524466,-1.453536901,-0.987804584,0,10,0,-14.500000000,11.815714583,-22.952452418,-6.047547582,1,9,0,0.027503858,0.013711394,0.017695318,0.037312397,10,0,0,0.001686856,0.003615467,-0.000899493,0.004273205,6,4,0,0.010283213,0.004236035,0.007252936,0.013313489,10,0,0,-31.251338176,6.496470537,-35.898632905,-26.604043447,0,10,0,0.862761482,0.090793336,0.797811846,0.927711117,10,0,0,-0.002415196,0.096284235,-0.071292783,0.066462392,6,4,0
adversarial,hetero,high,tetris,binpack,10,0.916000000,0.488608000,0.566470918,1.265529082,10,0,0,0.960126168,1.518573877,-0.126196064,2.046448400,9,1,0,-1.320325646,0.464853911,-1.652862077,-0.987789214,0,10,0,-17.200000000,11.640923980,-25.527414762,-8.872585238,0,9,1,0.030432728,0.015534737,0.019319848,0.041545609,10,0,0,0.003378067,0.002273631,0.001751610,0.005004524,9,1,0,0.011829634,0.006333138,0.007299181,0.016360088,10,0,0,-33.885020592,10.761733364,-41.583500320,-26.186540864,0,10,0,0.548268100,0.097311885,0.478655376,0.617880824,10,0,0,0.020691651,0.114070749,-0.060909641,0.102292943,6,4,0
adversarial,hetero,high,hybrid,binpack,10,0.472000000,0.276035424,0.274536167,0.669463833,10,0,0,0.405907702,0.962556287,-0.282663536,1.094478940,7,3,0,-0.564039580,0.240013874,-0.735735150,-0.392344010,0,10,0,-7.200000000,9.496198070,-13.993170381,-0.406829619,3,6,1,0.015818820,0.009096612,0.009311496,0.022326144,10,0,0,0.001137932,0.003608739,-0.001443604,0.003719468,6,4,0,0.004779172,0.003162895,0.002516573,0.007041770,10,0,0,-14.104827398,4.589565276,-17.388004377,-10.821650419,0,10,0,0.302952720,0.117931739,0.218589442,0.387315998,10,0,0,0.049419568,0.068360152,0.000517664,0.098321471,8,2,0
