family,cluster,load,policy,n,mean_delta,ci95_low,ci95_high,wins,losses
adversarial,hetero,high,balance,10,0.02478,0.00858,0.04097,9,1
adversarial,hetero,high,d1_cheap,10,0.05633,0.04752,0.06513,10,0
adversarial,hetero,high,d1_cheap_nomad_ff,10,0.04392,0.03535,0.05248,10,0
adversarial,hetero,high,d2_capacity,10,0.06208,0.04833,0.07583,10,0
adversarial,hetero,high,d2_capacity_nomad_ff,10,0.04128,0.02683,0.05574,10,0
adversarial,hetero,high,ff_only_cheap,10,0.04392,0.03535,0.05248,10,0
adversarial,hetero,high,hybrid,10,0.04775,0.03768,0.05783,10,0
adversarial,hetero,high,spread,10,0.04626,0.02918,0.06334,10,0
adversarial,hetero,high,tetris,10,0.06417,0.05111,0.07722,10,0
adversarial,hetero,high,wmatch,10,0.00192,-0.00583,0.00967,5,3
adversarial,hetero,low,balance,10,0.00000,0.00000,0.00000,0,0
adversarial,hetero,low,d1_cheap,10,0.00000,0.00000,0.00000,0,0
adversarial,hetero,low,d1_cheap_nomad_ff,10,0.00000,0.00000,0.00000,0,0
adversarial,hetero,low,d2_capacity,10,0.00000,0.00000,0.00000,0,0
adversarial,hetero,low,d2_capacity_nomad_ff,10,0.00000,0.00000,0.00000,0,0
adversarial,hetero,low,ff_only_cheap,10,0.00000,0.00000,0.00000,0,0
adversarial,hetero,low,hybrid,10,0.00000,0.00000,0.00000,0,0
adversarial,hetero,low,spread,10,0.00000,0.00000,0.00000,0,0
adversarial,hetero,low,tetris,10,0.00000,0.00000,0.00000,0,0
adversarial,hetero,low,wmatch,10,0.00000,0.00000,0.00000,0,0
adversarial,hetero,med,balance,10,0.00000,0.00000,0.00000,0,0
adversarial,hetero,med,d1_cheap,10,0.00000,0.00000,0.00000,0,0
adversarial,hetero,med,d1_cheap_nomad_ff,10,0.00000,0.00000,0.00000,0,0
adversarial,hetero,med,d2_capacity,10,0.00000,0.00000,0.00000,0,0
adversarial,hetero,med,d2_capacity_nomad_ff,10,0.00000,0.00000,0.00000,0,0
adversarial,hetero,med,ff_only_cheap,10,0.00000,0.00000,0.00000,0,0
adversarial,hetero,med,hybrid,10,0.00000,0.00000,0.00000,0,0
adversarial,hetero,med,spread,10,0.00000,0.00000,0.00000,0,0
adversarial,hetero,med,tetris,10,0.00000,0.00000,0.00000,0,0
adversarial,hetero,med,wmatch,10,0.00000,0.00000,0.00000,0,0
adversarial,homog,high,balance,10,0.05929,0.05929,0.05929,10,0
adversarial,homog,high,d1_cheap,10,0.07115,0.07115,0.07115,10,0
adversarial,homog,high,d1_cheap_nomad_ff,10,0.06719,0.06719,0.06719,10,0
adversarial,homog,high,d2_capacity,10,0.07115,0.07115,0.07115,10,0
adversarial,homog,high,d2_capacity_nomad_ff,10,0.07905,0.07905,0.07905,10,0
adversarial,homog,high,ff_only_cheap,10,0.06719,0.06719,0.06719,10,0
adversarial,homog,high,hybrid,10,0.06324,0.06324,0.06324,10,0
adversarial,homog,high,spread,10,0.08300,0.08300,0.08300,10,0
adversarial,homog,high,tetris,10,0.05138,0.05138,0.05138,10,0
adversarial,homog,high,wmatch,10,0.00000,0.00000,0.00000,0,0
adversarial,homog,low,balance,10,0.00000,0.00000,0.00000,0,0
adversarial,homog,low,d1_cheap,10,0.00000,0.00000,0.00000,0,0
adversarial,homog,low,d1_cheap_nomad_ff,10,0.00000,0.00000,0.00000,0,0
adversarial,homog,low,d2_capacity,10,0.00000,0.00000,0.00000,0,0
adversarial,homog,low,d2_capacity_nomad_ff,10,0.00000,0.00000,0.00000,0,0
adversarial,homog,low,ff_only_cheap,10,0.00000,0.00000,0.00000,0,0
adversarial,homog,low,hybrid,10,0.00000,0.00000,0.00000,0,0
adversarial,homog,low,spread,10,0.00000,0.00000,0.00000,0,0
adversarial,homog,low,tetris,10,0.00000,0.00000,0.00000,0,0
adversarial,homog,low,wmatch,10,0.00000,0.00000,0.00000,0,0
adversarial,homog,med,balance,10,0.00000,0.00000,0.00000,0,0
adversarial,homog,med,d1_cheap,10,0.00000,0.00000,0.00000,0,0
adversarial,homog,med,d1_cheap_nomad_ff,10,0.00000,0.00000,0.00000,0,0
adversarial,homog,med,d2_capacity,10,0.00000,0.00000,0.00000,0,0
adversarial,homog,med,d2_capacity_nomad_ff,10,0.00000,0.00000,0.00000,0,0
adversarial,homog,med,ff_only_cheap,10,0.00000,0.00000,0.00000,0,0
adversarial,homog,med,hybrid,10,0.00000,0.00000,0.00000,0,0
adversarial,homog,med,spread,10,0.00000,0.00000,0.00000,0,0
adversarial,homog,med,tetris,10,0.00000,0.00000,0.00000,0,0
adversarial,homog,med,wmatch,10,0.00000,0.00000,0.00000,0,0
balanced,hetero,high,balance,10,0.00399,0.00022,0.00776,7,2
balanced,hetero,high,d1_cheap,10,0.01843,0.01260,0.02426,10,0
balanced,hetero,high,d1_cheap_nomad_ff,10,0.00794,0.00388,0.01200,9,0
balanced,hetero,high,d2_capacity,10,0.01909,0.01285,0.02534,10,0
balanced,hetero,high,d2_capacity_nomad_ff,10,0.00869,0.00498,0.01239,9,1
balanced,hetero,high,ff_only_cheap,10,0.00794,0.00388,0.01200,9,0
balanced,hetero,high,hybrid,10,0.01750,0.00896,0.02604,9,1
balanced,hetero,high,spread,10,0.01718,0.00953,0.02483,9,0
balanced,hetero,high,tetris,10,0.01589,0.00763,0.02415,8,0
balanced,hetero,high,wmatch,10,0.00118,-0.00339,0.00576,3,3
balanced,hetero,low,balance,10,0.00000,0.00000,0.00000,0,0
balanced,hetero,low,d1_cheap,10,0.00000,0.00000,0.00000,0,0
balanced,hetero,low,d1_cheap_nomad_ff,10,0.00000,0.00000,0.00000,0,0
balanced,hetero,low,d2_capacity,10,0.00000,0.00000,0.00000,0,0
balanced,hetero,low,d2_capacity_nomad_ff,10,0.00000,0.00000,0.00000,0,0
balanced,hetero,low,ff_only_cheap,10,0.00000,0.00000,0.00000,0,0
balanced,hetero,low,hybrid,10,0.00000,0.00000,0.00000,0,0
balanced,hetero,low,spread,10,0.00000,0.00000,0.00000,0,0
balanced,hetero,low,tetris,10,0.00000,0.00000,0.00000,0,0
balanced,hetero,low,wmatch,10,0.00000,0.00000,0.00000,0,0
balanced,hetero,med,balance,10,0.00000,0.00000,0.00000,0,0
balanced,hetero,med,d1_cheap,10,0.00000,0.00000,0.00000,0,0
balanced,hetero,med,d1_cheap_nomad_ff,10,0.00000,0.00000,0.00000,0,0
balanced,hetero,med,d2_capacity,10,0.00000,0.00000,0.00000,0,0
balanced,hetero,med,d2_capacity_nomad_ff,10,0.00000,0.00000,0.00000,0,0
balanced,hetero,med,ff_only_cheap,10,0.00000,0.00000,0.00000,0,0
balanced,hetero,med,hybrid,10,0.00000,0.00000,0.00000,0,0
balanced,hetero,med,spread,10,0.00000,0.00000,0.00000,0,0
balanced,hetero,med,tetris,10,0.00000,0.00000,0.00000,0,0
balanced,hetero,med,wmatch,10,0.00000,0.00000,0.00000,0,0
balanced,homog,high,balance,10,0.00000,0.00000,0.00000,0,0
balanced,homog,high,d1_cheap,10,-0.00474,-0.01151,0.00203,2,6
balanced,homog,high,d1_cheap_nomad_ff,10,0.00395,-0.00005,0.00795,5,1
balanced,homog,high,d2_capacity,10,-0.00158,-0.00914,0.00598,3,4
balanced,homog,high,d2_capacity_nomad_ff,10,0.00356,0.00017,0.00694,6,1
balanced,homog,high,ff_only_cheap,10,0.00395,-0.00005,0.00795,5,1
balanced,homog,high,hybrid,10,-0.00237,-0.01236,0.00762,4,5
balanced,homog,high,spread,10,-0.00158,-0.01074,0.00758,3,5
balanced,homog,high,tetris,10,-0.00158,-0.01074,0.00758,3,5
balanced,homog,high,wmatch,10,-0.00040,-0.00129,0.00050,0,1
balanced,homog,low,balance,10,0.00000,0.00000,0.00000,0,0
balanced,homog,low,d1_cheap,10,0.00000,0.00000,0.00000,0,0
balanced,homog,low,d1_cheap_nomad_ff,10,0.00000,0.00000,0.00000,0,0
balanced,homog,low,d2_capacity,10,0.00000,0.00000,0.00000,0,0
balanced,homog,low,d2_capacity_nomad_ff,10,0.00000,0.00000,0.00000,0,0
balanced,homog,low,ff_only_cheap,10,0.00000,0.00000,0.00000,0,0
balanced,homog,low,hybrid,10,0.00000,0.00000,0.00000,0,0
balanced,homog,low,spread,10,0.00000,0.00000,0.00000,0,0
balanced,homog,low,tetris,10,0.00000,0.00000,0.00000,0,0
balanced,homog,low,wmatch,10,0.00000,0.00000,0.00000,0,0
balanced,homog,med,balance,10,0.00000,0.00000,0.00000,0,0
balanced,homog,med,d1_cheap,10,0.00000,0.00000,0.00000,0,0
balanced,homog,med,d1_cheap_nomad_ff,10,0.00000,0.00000,0.00000,0,0
balanced,homog,med,d2_capacity,10,0.00000,0.00000,0.00000,0,0
balanced,homog,med,d2_capacity_nomad_ff,10,0.00000,0.00000,0.00000,0,0
balanced,homog,med,ff_only_cheap,10,0.00000,0.00000,0.00000,0,0
balanced,homog,med,hybrid,10,0.00000,0.00000,0.00000,0,0
balanced,homog,med,spread,10,0.00000,0.00000,0.00000,0,0
balanced,homog,med,tetris,10,0.00000,0.00000,0.00000,0,0
balanced,homog,med,wmatch,10,0.00000,0.00000,0.00000,0,0
bimodal,hetero,high,balance,10,0.03927,0.01950,0.05904,9,0
bimodal,hetero,high,d1_cheap,10,0.05819,0.04072,0.07566,10,0
bimodal,hetero,high,d1_cheap_nomad_ff,10,0.00124,-0.00191,0.00439,2,1
bimodal,hetero,high,d2_capacity,10,0.05857,0.04549,0.07165,10,0
bimodal,hetero,high,d2_capacity_nomad_ff,10,0.00545,-0.00574,0.01664,6,3
bimodal,hetero,high,ff_only_cheap,10,0.00124,-0.00191,0.00439,2,1
bimodal,hetero,high,hybrid,10,0.06047,0.04480,0.07613,10,0
bimodal,hetero,high,spread,10,0.05202,0.03423,0.06981,10,0
bimodal,hetero,high,tetris,10,0.07031,0.05557,0.08506,10,0
bimodal,hetero,high,wmatch,10,-0.00024,-0.00795,0.00748,2,3
bimodal,hetero,low,balance,10,0.00000,0.00000,0.00000,0,0
bimodal,hetero,low,d1_cheap,10,0.00000,0.00000,0.00000,0,0
bimodal,hetero,low,d1_cheap_nomad_ff,10,0.00000,0.00000,0.00000,0,0
bimodal,hetero,low,d2_capacity,10,0.00000,0.00000,0.00000,0,0
bimodal,hetero,low,d2_capacity_nomad_ff,10,0.00000,0.00000,0.00000,0,0
bimodal,hetero,low,ff_only_cheap,10,0.00000,0.00000,0.00000,0,0
bimodal,hetero,low,hybrid,10,0.00000,0.00000,0.00000,0,0
bimodal,hetero,low,spread,10,0.00000,0.00000,0.00000,0,0
bimodal,hetero,low,tetris,10,0.00000,0.00000,0.00000,0,0
bimodal,hetero,low,wmatch,10,0.00000,0.00000,0.00000,0,0
bimodal,hetero,med,balance,10,0.00000,0.00000,0.00000,0,0
bimodal,hetero,med,d1_cheap,10,0.00000,0.00000,0.00000,0,0
bimodal,hetero,med,d1_cheap_nomad_ff,10,0.00000,0.00000,0.00000,0,0
bimodal,hetero,med,d2_capacity,10,0.00000,0.00000,0.00000,0,0
bimodal,hetero,med,d2_capacity_nomad_ff,10,0.00000,0.00000,0.00000,0,0
bimodal,hetero,med,ff_only_cheap,10,0.00000,0.00000,0.00000,0,0
bimodal,hetero,med,hybrid,10,0.00000,0.00000,0.00000,0,0
bimodal,hetero,med,spread,10,0.00000,0.00000,0.00000,0,0
bimodal,hetero,med,tetris,10,0.00000,0.00000,0.00000,0,0
bimodal,hetero,med,wmatch,10,0.00000,0.00000,0.00000,0,0
bimodal,homog,high,balance,10,0.00672,-0.00083,0.01426,7,3
bimodal,homog,high,d1_cheap,10,0.02451,0.01814,0.03087,10,0
bimodal,homog,high,d1_cheap_nomad_ff,10,0.00079,-0.00100,0.00258,1,0
bimodal,homog,high,d2_capacity,10,0.02372,0.01572,0.03171,10,0
bimodal,homog,high,d2_capacity_nomad_ff,10,0.00079,-0.00100,0.00258,1,0
bimodal,homog,high,ff_only_cheap,10,0.00079,-0.00100,0.00258,1,0
bimodal,homog,high,hybrid,10,0.02964,0.02322,0.03607,10,0
bimodal,homog,high,spread,10,-0.02134,-0.03151,-0.01118,0,9
bimodal,homog,high,tetris,10,0.02688,0.01913,0.03463,10,0
bimodal,homog,high,wmatch,10,0.00000,0.00000,0.00000,0,0
bimodal,homog,low,balance,10,0.00000,0.00000,0.00000,0,0
bimodal,homog,low,d1_cheap,10,0.00000,0.00000,0.00000,0,0
bimodal,homog,low,d1_cheap_nomad_ff,10,0.00000,0.00000,0.00000,0,0
bimodal,homog,low,d2_capacity,10,0.00000,0.00000,0.00000,0,0
bimodal,homog,low,d2_capacity_nomad_ff,10,0.00000,0.00000,0.00000,0,0
bimodal,homog,low,ff_only_cheap,10,0.00000,0.00000,0.00000,0,0
bimodal,homog,low,hybrid,10,0.00000,0.00000,0.00000,0,0
bimodal,homog,low,spread,10,0.00000,0.00000,0.00000,0,0
bimodal,homog,low,tetris,10,0.00000,0.00000,0.00000,0,0
bimodal,homog,low,wmatch,10,0.00000,0.00000,0.00000,0,0
bimodal,homog,med,balance,10,0.00000,0.00000,0.00000,0,0
bimodal,homog,med,d1_cheap,10,0.00000,0.00000,0.00000,0,0
bimodal,homog,med,d1_cheap_nomad_ff,10,0.00000,0.00000,0.00000,0,0
bimodal,homog,med,d2_capacity,10,0.00000,0.00000,0.00000,0,0
bimodal,homog,med,d2_capacity_nomad_ff,10,0.00000,0.00000,0.00000,0,0
bimodal,homog,med,ff_only_cheap,10,0.00000,0.00000,0.00000,0,0
bimodal,homog,med,hybrid,10,0.00000,0.00000,0.00000,0,0
bimodal,homog,med,spread,10,0.00000,0.00000,0.00000,0,0
bimodal,homog,med,tetris,10,0.00000,0.00000,0.00000,0,0
bimodal,homog,med,wmatch,10,0.00000,0.00000,0.00000,0,0
cpu_heavy,hetero,high,balance,10,0.00821,0.00156,0.01487,7,1
cpu_heavy,hetero,high,d1_cheap,10,0.00584,-0.00229,0.01396,6,3
cpu_heavy,hetero,high,d1_cheap_nomad_ff,10,0.00473,-0.00145,0.01092,5,2
cpu_heavy,hetero,high,d2_capacity,10,0.00480,-0.00764,0.01723,6,4
cpu_heavy,hetero,high,d2_capacity_nomad_ff,10,0.00057,-0.00359,0.00473,2,1
cpu_heavy,hetero,high,ff_only_cheap,10,0.00473,-0.00145,0.01092,5,2
cpu_heavy,hetero,high,hybrid,10,-0.00048,-0.00912,0.00816,5,4
cpu_heavy,hetero,high,spread,10,0.00181,-0.00969,0.01332,5,5
cpu_heavy,hetero,high,tetris,10,0.00135,-0.00854,0.01124,5,4
cpu_heavy,hetero,high,wmatch,10,-0.00061,-0.00297,0.00175,1,2
cpu_heavy,hetero,low,balance,10,0.00000,0.00000,0.00000,0,0
cpu_heavy,hetero,low,d1_cheap,10,0.00000,0.00000,0.00000,0,0
cpu_heavy,hetero,low,d1_cheap_nomad_ff,10,0.00000,0.00000,0.00000,0,0
cpu_heavy,hetero,low,d2_capacity,10,0.00000,0.00000,0.00000,0,0
cpu_heavy,hetero,low,d2_capacity_nomad_ff,10,0.00000,0.00000,0.00000,0,0
cpu_heavy,hetero,low,ff_only_cheap,10,0.00000,0.00000,0.00000,0,0
cpu_heavy,hetero,low,hybrid,10,0.00000,0.00000,0.00000,0,0
cpu_heavy,hetero,low,spread,10,0.00000,0.00000,0.00000,0,0
cpu_heavy,hetero,low,tetris,10,0.00000,0.00000,0.00000,0,0
cpu_heavy,hetero,low,wmatch,10,0.00000,0.00000,0.00000,0,0
cpu_heavy,hetero,med,balance,10,0.00000,0.00000,0.00000,0,0
cpu_heavy,hetero,med,d1_cheap,10,0.00000,0.00000,0.00000,0,0
cpu_heavy,hetero,med,d1_cheap_nomad_ff,10,0.00000,0.00000,0.00000,0,0
cpu_heavy,hetero,med,d2_capacity,10,0.00000,0.00000,0.00000,0,0
cpu_heavy,hetero,med,d2_capacity_nomad_ff,10,0.00000,0.00000,0.00000,0,0
cpu_heavy,hetero,med,ff_only_cheap,10,0.00000,0.00000,0.00000,0,0
cpu_heavy,hetero,med,hybrid,10,0.00000,0.00000,0.00000,0,0
cpu_heavy,hetero,med,spread,10,0.00000,0.00000,0.00000,0,0
cpu_heavy,hetero,med,tetris,10,0.00000,0.00000,0.00000,0,0
cpu_heavy,hetero,med,wmatch,10,0.00000,0.00000,0.00000,0,0
cpu_heavy,homog,high,balance,10,0.00585,-0.00361,0.01530,6,3
cpu_heavy,homog,high,d1_cheap,10,-0.00585,-0.01444,0.00275,2,6
cpu_heavy,homog,high,d1_cheap_nomad_ff,10,0.00351,-0.00247,0.00949,5,3
cpu_heavy,homog,high,d2_capacity,10,-0.01170,-0.02319,-0.00020,2,7
cpu_heavy,homog,high,d2_capacity_nomad_ff,10,0.00058,-0.00308,0.00425,2,2
cpu_heavy,homog,high,ff_only_cheap,10,0.00351,-0.00247,0.00949,5,3
cpu_heavy,homog,high,hybrid,10,-0.01053,-0.01930,-0.00175,1,7
cpu_heavy,homog,high,spread,10,-0.00409,-0.01472,0.00653,3,7
cpu_heavy,homog,high,tetris,10,-0.01520,-0.02817,-0.00224,1,8
cpu_heavy,homog,high,wmatch,10,0.00000,0.00000,0.00000,0,0
cpu_heavy,homog,low,balance,10,0.00000,0.00000,0.00000,0,0
cpu_heavy,homog,low,d1_cheap,10,0.00000,0.00000,0.00000,0,0
cpu_heavy,homog,low,d1_cheap_nomad_ff,10,0.00000,0.00000,0.00000,0,0
cpu_heavy,homog,low,d2_capacity,10,0.00000,0.00000,0.00000,0,0
cpu_heavy,homog,low,d2_capacity_nomad_ff,10,0.00000,0.00000,0.00000,0,0
cpu_heavy,homog,low,ff_only_cheap,10,0.00000,0.00000,0.00000,0,0
cpu_heavy,homog,low,hybrid,10,0.00000,0.00000,0.00000,0,0
cpu_heavy,homog,low,spread,10,0.00000,0.00000,0.00000,0,0
cpu_heavy,homog,low,tetris,10,0.00000,0.00000,0.00000,0,0
cpu_heavy,homog,low,wmatch,10,0.00000,0.00000,0.00000,0,0
cpu_heavy,homog,med,balance,10,0.00000,0.00000,0.00000,0,0
cpu_heavy,homog,med,d1_cheap,10,0.00000,0.00000,0.00000,0,0
cpu_heavy,homog,med,d1_cheap_nomad_ff,10,0.00000,0.00000,0.00000,0,0
cpu_heavy,homog,med,d2_capacity,10,0.00000,0.00000,0.00000,0,0
cpu_heavy,homog,med,d2_capacity_nomad_ff,10,0.00000,0.00000,0.00000,0,0
cpu_heavy,homog,med,ff_only_cheap,10,0.00000,0.00000,0.00000,0,0
cpu_heavy,homog,med,hybrid,10,0.00000,0.00000,0.00000,0,0
cpu_heavy,homog,med,spread,10,0.00000,0.00000,0.00000,0,0
cpu_heavy,homog,med,tetris,10,0.00000,0.00000,0.00000,0,0
cpu_heavy,homog,med,wmatch,10,0.00000,0.00000,0.00000,0,0
drift,hetero,high,balance,10,0.08919,0.07289,0.10549,10,0
drift,hetero,high,d1_cheap,10,0.09754,0.07562,0.11946,10,0
drift,hetero,high,d1_cheap_nomad_ff,10,0.00921,0.00108,0.01734,8,1
drift,hetero,high,d2_capacity,10,0.10070,0.07908,0.12231,10,0
drift,hetero,high,d2_capacity_nomad_ff,10,0.01141,-0.00223,0.02504,6,3
drift,hetero,high,ff_only_cheap,10,0.00921,0.00108,0.01734,8,1
drift,hetero,high,hybrid,10,0.09439,0.07355,0.11523,10,0
drift,hetero,high,spread,10,0.06275,0.04672,0.07878,10,0
drift,hetero,high,tetris,10,0.10151,0.08372,0.11930,10,0
drift,hetero,high,wmatch,10,0.00174,-0.00790,0.01137,4,2
drift,hetero,low,balance,10,0.00000,0.00000,0.00000,0,0
drift,hetero,low,d1_cheap,10,0.00000,0.00000,0.00000,0,0
drift,hetero,low,d1_cheap_nomad_ff,10,0.00000,0.00000,0.00000,0,0
drift,hetero,low,d2_capacity,10,0.00000,0.00000,0.00000,0,0
drift,hetero,low,d2_capacity_nomad_ff,10,0.00000,0.00000,0.00000,0,0
drift,hetero,low,ff_only_cheap,10,0.00000,0.00000,0.00000,0,0
drift,hetero,low,hybrid,10,0.00000,0.00000,0.00000,0,0
drift,hetero,low,spread,10,0.00000,0.00000,0.00000,0,0
drift,hetero,low,tetris,10,0.00000,0.00000,0.00000,0,0
drift,hetero,low,wmatch,10,0.00000,0.00000,0.00000,0,0
drift,hetero,med,balance,10,0.00000,0.00000,0.00000,0,0
drift,hetero,med,d1_cheap,10,0.00000,0.00000,0.00000,0,0
drift,hetero,med,d1_cheap_nomad_ff,10,0.00000,0.00000,0.00000,0,0
drift,hetero,med,d2_capacity,10,0.00000,0.00000,0.00000,0,0
drift,hetero,med,d2_capacity_nomad_ff,10,0.00000,0.00000,0.00000,0,0
drift,hetero,med,ff_only_cheap,10,0.00000,0.00000,0.00000,0,0
drift,hetero,med,hybrid,10,0.00000,0.00000,0.00000,0,0
drift,hetero,med,spread,10,0.00000,0.00000,0.00000,0,0
drift,hetero,med,tetris,10,0.00000,0.00000,0.00000,0,0
drift,hetero,med,wmatch,10,0.00000,0.00000,0.00000,0,0
drift,homog,high,balance,10,0.09802,0.08920,0.10684,10,0
drift,homog,high,d1_cheap,10,0.11383,0.10511,0.12255,10,0
drift,homog,high,d1_cheap_nomad_ff,10,0.01028,0.00400,0.01656,8,1
drift,homog,high,d2_capacity,10,0.11660,0.10927,0.12393,10,0
drift,homog,high,d2_capacity_nomad_ff,10,0.00356,-0.00185,0.00896,5,2
drift,homog,high,ff_only_cheap,10,0.01028,0.00400,0.01656,8,1
drift,homog,high,hybrid,10,0.10909,0.10214,0.11604,10,0
drift,homog,high,spread,10,0.09170,0.08373,0.09967,10,0
drift,homog,high,tetris,10,0.11858,0.10651,0.13065,10,0
drift,homog,high,wmatch,10,0.00079,-0.00242,0.00400,2,2
drift,homog,low,balance,10,0.00000,0.00000,0.00000,0,0
drift,homog,low,d1_cheap,10,0.00000,0.00000,0.00000,0,0
drift,homog,low,d1_cheap_nomad_ff,10,0.00000,0.00000,0.00000,0,0
drift,homog,low,d2_capacity,10,0.00000,0.00000,0.00000,0,0
drift,homog,low,d2_capacity_nomad_ff,10,0.00000,0.00000,0.00000,0,0
drift,homog,low,ff_only_cheap,10,0.00000,0.00000,0.00000,0,0
drift,homog,low,hybrid,10,0.00000,0.00000,0.00000,0,0
drift,homog,low,spread,10,0.00000,0.00000,0.00000,0,0
drift,homog,low,tetris,10,0.00000,0.00000,0.00000,0,0
drift,homog,low,wmatch,10,0.00000,0.00000,0.00000,0,0
drift,homog,med,balance,10,0.00000,0.00000,0.00000,0,0
drift,homog,med,d1_cheap,10,0.00000,0.00000,0.00000,0,0
drift,homog,med,d1_cheap_nomad_ff,10,0.00000,0.00000,0.00000,0,0
drift,homog,med,d2_capacity,10,0.00000,0.00000,0.00000,0,0
drift,homog,med,d2_capacity_nomad_ff,10,0.00000,0.00000,0.00000,0,0
drift,homog,med,ff_only_cheap,10,0.00000,0.00000,0.00000,0,0
drift,homog,med,hybrid,10,0.00000,0.00000,0.00000,0,0
drift,homog,med,spread,10,0.00000,0.00000,0.00000,0,0
drift,homog,med,tetris,10,0.00000,0.00000,0.00000,0,0
drift,homog,med,wmatch,10,0.00000,0.00000,0.00000,0,0
pred_error,hetero,high,balance,10,0.01001,0.00600,0.01401,9,0
pred_error,hetero,high,d1_cheap,10,0.00683,-0.00137,0.01503,6,1
pred_error,hetero,high,d1_cheap_nomad_ff,10,0.00002,-0.00265,0.00268,2,2
pred_error,hetero,high,d2_capacity,10,0.00241,-0.00442,0.00924,5,3
pred_error,hetero,high,d2_capacity_nomad_ff,10,-0.00048,-0.00346,0.00250,2,3
pred_error,hetero,high,ff_only_cheap,10,0.00002,-0.00265,0.00268,2,2
pred_error,hetero,high,hybrid,10,0.00636,-0.00134,0.01407,6,1
pred_error,hetero,high,spread,10,0.00403,-0.00281,0.01087,7,2
pred_error,hetero,high,tetris,10,0.00583,-0.00493,0.01658,6,2
pred_error,hetero,high,wmatch,10,-0.00107,-0.00269,0.00055,0,2
pred_error,hetero,low,balance,10,0.00000,0.00000,0.00000,0,0
pred_error,hetero,low,d1_cheap,10,0.00000,0.00000,0.00000,0,0
pred_error,hetero,low,d1_cheap_nomad_ff,10,0.00000,0.00000,0.00000,0,0
pred_error,hetero,low,d2_capacity,10,0.00000,0.00000,0.00000,0,0
pred_error,hetero,low,d2_capacity_nomad_ff,10,0.00000,0.00000,0.00000,0,0
pred_error,hetero,low,ff_only_cheap,10,0.00000,0.00000,0.00000,0,0
pred_error,hetero,low,hybrid,10,0.00000,0.00000,0.00000,0,0
pred_error,hetero,low,spread,10,0.00000,0.00000,0.00000,0,0
pred_error,hetero,low,tetris,10,0.00000,0.00000,0.00000,0,0
pred_error,hetero,low,wmatch,10,0.00000,0.00000,0.00000,0,0
pred_error,hetero,med,balance,10,0.00000,0.00000,0.00000,0,0
pred_error,hetero,med,d1_cheap,10,0.00000,0.00000,0.00000,0,0
pred_error,hetero,med,d1_cheap_nomad_ff,10,0.00000,0.00000,0.00000,0,0
pred_error,hetero,med,d2_capacity,10,0.00000,0.00000,0.00000,0,0
pred_error,hetero,med,d2_capacity_nomad_ff,10,0.00000,0.00000,0.00000,0,0
pred_error,hetero,med,ff_only_cheap,10,0.00000,0.00000,0.00000,0,0
pred_error,hetero,med,hybrid,10,0.00000,0.00000,0.00000,0,0
pred_error,hetero,med,spread,10,0.00000,0.00000,0.00000,0,0
pred_error,hetero,med,tetris,10,0.00000,0.00000,0.00000,0,0
pred_error,hetero,med,wmatch,10,0.00000,0.00000,0.00000,0,0
pred_error,homog,high,balance,10,0.00618,-0.00127,0.01363,6,2
pred_error,homog,high,d1_cheap,10,-0.00225,-0.01055,0.00605,2,4
pred_error,homog,high,d1_cheap_nomad_ff,10,0.00225,-0.00164,0.00613,5,2
pred_error,homog,high,d2_capacity,10,-0.00169,-0.00951,0.00614,3,3
pred_error,homog,high,d2_capacity_nomad_ff,10,-0.00112,-0.00606,0.00382,3,5
pred_error,homog,high,ff_only_cheap,10,0.00225,-0.00164,0.00613,5,2
pred_error,homog,high,hybrid,10,-0.00618,-0.01646,0.00410,2,5
pred_error,homog,high,spread,10,0.00674,-0.00079,0.01427,6,2
pred_error,homog,high,tetris,10,-0.00618,-0.01680,0.00444,2,6
pred_error,homog,high,wmatch,10,0.00000,0.00000,0.00000,0,0
pred_error,homog,low,balance,10,0.00000,0.00000,0.00000,0,0
pred_error,homog,low,d1_cheap,10,0.00000,0.00000,0.00000,0,0
pred_error,homog,low,d1_cheap_nomad_ff,10,0.00000,0.00000,0.00000,0,0
pred_error,homog,low,d2_capacity,10,0.00000,0.00000,0.00000,0,0
pred_error,homog,low,d2_capacity_nomad_ff,10,0.00000,0.00000,0.00000,0,0
pred_error,homog,low,ff_only_cheap,10,0.00000,0.00000,0.00000,0,0
pred_error,homog,low,hybrid,10,0.00000,0.00000,0.00000,0,0
pred_error,homog,low,spread,10,0.00000,0.00000,0.00000,0,0
pred_error,homog,low,tetris,10,0.00000,0.00000,0.00000,0,0
pred_error,homog,low,wmatch,10,0.00000,0.00000,0.00000,0,0
pred_error,homog,med,balance,10,0.00000,0.00000,0.00000,0,0
pred_error,homog,med,d1_cheap,10,0.00000,0.00000,0.00000,0,0
pred_error,homog,med,d1_cheap_nomad_ff,10,0.00000,0.00000,0.00000,0,0
pred_error,homog,med,d2_capacity,10,0.00000,0.00000,0.00000,0,0
pred_error,homog,med,d2_capacity_nomad_ff,10,0.00000,0.00000,0.00000,0,0
pred_error,homog,med,ff_only_cheap,10,0.00000,0.00000,0.00000,0,0
pred_error,homog,med,hybrid,10,0.00000,0.00000,0.00000,0,0
pred_error,homog,med,spread,10,0.00000,0.00000,0.00000,0,0
pred_error,homog,med,tetris,10,0.00000,0.00000,0.00000,0,0
pred_error,homog,med,wmatch,10,0.00000,0.00000,0.00000,0,0
ram_heavy,hetero,high,balance,10,0.01269,0.00625,0.01913,9,1
ram_heavy,hetero,high,d1_cheap,10,0.03213,0.02127,0.04300,10,0
ram_heavy,hetero,high,d1_cheap_nomad_ff,10,0.00210,-0.00149,0.00568,5,2
ram_heavy,hetero,high,d2_capacity,10,0.03326,0.02329,0.04322,10,0
ram_heavy,hetero,high,d2_capacity_nomad_ff,10,-0.00042,-0.00587,0.00503,3,3
ram_heavy,hetero,high,ff_only_cheap,10,0.00210,-0.00149,0.00568,5,2
ram_heavy,hetero,high,hybrid,10,0.03431,0.02229,0.04633,10,0
ram_heavy,hetero,high,spread,10,0.01765,0.00568,0.02962,9,1
ram_heavy,hetero,high,tetris,10,0.03279,0.02050,0.04508,10,0
ram_heavy,hetero,high,wmatch,10,0.00189,-0.00654,0.01033,3,3
ram_heavy,hetero,low,balance,10,0.00000,0.00000,0.00000,0,0
ram_heavy,hetero,low,d1_cheap,10,0.00000,0.00000,0.00000,0,0
ram_heavy,hetero,low,d1_cheap_nomad_ff,10,0.00000,0.00000,0.00000,0,0
ram_heavy,hetero,low,d2_capacity,10,0.00000,0.00000,0.00000,0,0
ram_heavy,hetero,low,d2_capacity_nomad_ff,10,0.00000,0.00000,0.00000,0,0
ram_heavy,hetero,low,ff_only_cheap,10,0.00000,0.00000,0.00000,0,0
ram_heavy,hetero,low,hybrid,10,0.00000,0.00000,0.00000,0,0
ram_heavy,hetero,low,spread,10,0.00000,0.00000,0.00000,0,0
ram_heavy,hetero,low,tetris,10,0.00000,0.00000,0.00000,0,0
ram_heavy,hetero,low,wmatch,10,0.00000,0.00000,0.00000,0,0
ram_heavy,hetero,med,balance,10,0.00000,0.00000,0.00000,0,0
ram_heavy,hetero,med,d1_cheap,10,0.00000,0.00000,0.00000,0,0
ram_heavy,hetero,med,d1_cheap_nomad_ff,10,0.00000,0.00000,0.00000,0,0
ram_heavy,hetero,med,d2_capacity,10,0.00000,0.00000,0.00000,0,0
ram_heavy,hetero,med,d2_capacity_nomad_ff,10,0.00000,0.00000,0.00000,0,0
ram_heavy,hetero,med,ff_only_cheap,10,0.00000,0.00000,0.00000,0,0
ram_heavy,hetero,med,hybrid,10,0.00000,0.00000,0.00000,0,0
ram_heavy,hetero,med,spread,10,0.00000,0.00000,0.00000,0,0
ram_heavy,hetero,med,tetris,10,0.00000,0.00000,0.00000,0,0
ram_heavy,hetero,med,wmatch,10,0.00000,0.00000,0.00000,0,0
ram_heavy,homog,high,balance,10,0.00211,-0.00107,0.00528,5,2
ram_heavy,homog,high,d1_cheap,10,0.01439,0.00775,0.02102,9,1
ram_heavy,homog,high,d1_cheap_nomad_ff,10,0.00140,-0.00102,0.00383,3,1
ram_heavy,homog,high,d2_capacity,10,0.01509,0.01006,0.02011,9,0
ram_heavy,homog,high,d2_capacity_nomad_ff,10,0.00105,-0.00230,0.00441,3,3
ram_heavy,homog,high,ff_only_cheap,10,0.00140,-0.00102,0.00383,3,1
ram_heavy,homog,high,hybrid,10,0.01368,0.00607,0.02130,8,1
ram_heavy,homog,high,spread,10,0.00386,-0.00234,0.01006,6,3
ram_heavy,homog,high,tetris,10,0.00947,0.00218,0.01677,8,1
ram_heavy,homog,high,wmatch,10,0.00070,-0.00281,0.00421,2,2
ram_heavy,homog,low,balance,10,0.00000,0.00000,0.00000,0,0
ram_heavy,homog,low,d1_cheap,10,0.00000,0.00000,0.00000,0,0
ram_heavy,homog,low,d1_cheap_nomad_ff,10,0.00000,0.00000,0.00000,0,0
ram_heavy,homog,low,d2_capacity,10,0.00000,0.00000,0.00000,0,0
ram_heavy,homog,low,d2_capacity_nomad_ff,10,0.00000,0.00000,0.00000,0,0
ram_heavy,homog,low,ff_only_cheap,10,0.00000,0.00000,0.00000,0,0
ram_heavy,homog,low,hybrid,10,0.00000,0.00000,0.00000,0,0
ram_heavy,homog,low,spread,10,0.00000,0.00000,0.00000,0,0
ram_heavy,homog,low,tetris,10,0.00000,0.00000,0.00000,0,0
ram_heavy,homog,low,wmatch,10,0.00000,0.00000,0.00000,0,0
ram_heavy,homog,med,balance,10,0.00000,0.00000,0.00000,0,0
ram_heavy,homog,med,d1_cheap,10,0.00000,0.00000,0.00000,0,0
ram_heavy,homog,med,d1_cheap_nomad_ff,10,0.00000,0.00000,0.00000,0,0
ram_heavy,homog,med,d2_capacity,10,0.00000,0.00000,0.00000,0,0
ram_heavy,homog,med,d2_capacity_nomad_ff,10,0.00000,0.00000,0.00000,0,0
ram_heavy,homog,med,ff_only_cheap,10,0.00000,0.00000,0.00000,0,0
ram_heavy,homog,med,hybrid,10,0.00000,0.00000,0.00000,0,0
ram_heavy,homog,med,spread,10,0.00000,0.00000,0.00000,0,0
ram_heavy,homog,med,tetris,10,0.00000,0.00000,0.00000,0,0
ram_heavy,homog,med,wmatch,10,0.00000,0.00000,0.00000,0,0
tiny_large,hetero,high,balance,10,0.02025,0.01141,0.02909,9,1
tiny_large,hetero,high,d1_cheap,10,0.06314,0.04522,0.08106,10,0
tiny_large,hetero,high,d1_cheap_nomad_ff,10,-0.00016,-0.00421,0.00389,3,3
tiny_large,hetero,high,d2_capacity,10,0.06319,0.04394,0.08244,10,0
tiny_large,hetero,high,d2_capacity_nomad_ff,10,-0.00315,-0.01168,0.00538,4,4
tiny_large,hetero,high,ff_only_cheap,10,-0.00016,-0.00421,0.00389,3,3
tiny_large,hetero,high,hybrid,10,0.06171,0.04397,0.07946,10,0
tiny_large,hetero,high,spread,10,0.04860,0.03291,0.06430,9,0
tiny_large,hetero,high,tetris,10,0.06831,0.05324,0.08339,10,0
tiny_large,hetero,high,wmatch,10,0.00325,-0.00246,0.00897,5,2
tiny_large,hetero,low,balance,10,0.00000,0.00000,0.00000,0,0
tiny_large,hetero,low,d1_cheap,10,0.00000,0.00000,0.00000,0,0
tiny_large,hetero,low,d1_cheap_nomad_ff,10,0.00000,0.00000,0.00000,0,0
tiny_large,hetero,low,d2_capacity,10,0.00000,0.00000,0.00000,0,0
tiny_large,hetero,low,d2_capacity_nomad_ff,10,0.00000,0.00000,0.00000,0,0
tiny_large,hetero,low,ff_only_cheap,10,0.00000,0.00000,0.00000,0,0
tiny_large,hetero,low,hybrid,10,0.00000,0.00000,0.00000,0,0
tiny_large,hetero,low,spread,10,0.00000,0.00000,0.00000,0,0
tiny_large,hetero,low,tetris,10,0.00000,0.00000,0.00000,0,0
tiny_large,hetero,low,wmatch,10,0.00000,0.00000,0.00000,0,0
tiny_large,hetero,med,balance,10,0.00000,0.00000,0.00000,0,0
tiny_large,hetero,med,d1_cheap,10,0.00000,0.00000,0.00000,0,0
tiny_large,hetero,med,d1_cheap_nomad_ff,10,0.00000,0.00000,0.00000,0,0
tiny_large,hetero,med,d2_capacity,10,0.00000,0.00000,0.00000,0,0
tiny_large,hetero,med,d2_capacity_nomad_ff,10,0.00000,0.00000,0.00000,0,0
tiny_large,hetero,med,ff_only_cheap,10,0.00000,0.00000,0.00000,0,0
tiny_large,hetero,med,hybrid,10,0.00000,0.00000,0.00000,0,0
tiny_large,hetero,med,spread,10,0.00000,0.00000,0.00000,0,0
tiny_large,hetero,med,tetris,10,0.00000,0.00000,0.00000,0,0
tiny_large,hetero,med,wmatch,10,0.00000,0.00000,0.00000,0,0
tiny_large,homog,high,balance,10,0.00841,0.00051,0.01630,6,1
tiny_large,homog,high,d1_cheap,10,0.03724,0.02919,0.04529,10,0
tiny_large,homog,high,d1_cheap_nomad_ff,10,0.00300,-0.00185,0.00786,4,1
tiny_large,homog,high,d2_capacity,10,0.03994,0.03270,0.04717,10,0
tiny_large,homog,high,d2_capacity_nomad_ff,10,0.00330,-0.00219,0.00880,4,1
tiny_large,homog,high,ff_only_cheap,10,0.00300,-0.00185,0.00786,4,1
tiny_large,homog,high,hybrid,10,0.03994,0.03171,0.04817,10,0
tiny_large,homog,high,spread,10,0.00420,-0.00861,0.01702,6,3
tiny_large,homog,high,tetris,10,0.04745,0.03775,0.05715,10,0
tiny_large,homog,high,wmatch,10,-0.00030,-0.00098,0.00038,0,1
tiny_large,homog,low,balance,10,0.00000,0.00000,0.00000,0,0
tiny_large,homog,low,d1_cheap,10,0.00000,0.00000,0.00000,0,0
tiny_large,homog,low,d1_cheap_nomad_ff,10,0.00000,0.00000,0.00000,0,0
tiny_large,homog,low,d2_capacity,10,0.00000,0.00000,0.00000,0,0
tiny_large,homog,low,d2_capacity_nomad_ff,10,0.00000,0.00000,0.00000,0,0
tiny_large,homog,low,ff_only_cheap,10,0.00000,0.00000,0.00000,0,0
tiny_large,homog,low,hybrid,10,0.00000,0.00000,0.00000,0,0
tiny_large,homog,low,spread,10,0.00000,0.00000,0.00000,0,0
tiny_large,homog,low,tetris,10,0.00000,0.00000,0.00000,0,0
tiny_large,homog,low,wmatch,10,0.00000,0.00000,0.00000,0,0
tiny_large,homog,med,balance,10,0.00000,0.00000,0.00000,0,0
tiny_large,homog,med,d1_cheap,10,0.00000,0.00000,0.00000,0,0
tiny_large,homog,med,d1_cheap_nomad_ff,10,0.00000,0.00000,0.00000,0,0
tiny_large,homog,med,d2_capacity,10,0.00000,0.00000,0.00000,0,0
tiny_large,homog,med,d2_capacity_nomad_ff,10,0.00000,0.00000,0.00000,0,0
tiny_large,homog,med,ff_only_cheap,10,0.00000,0.00000,0.00000,0,0
tiny_large,homog,med,hybrid,10,0.00000,0.00000,0.00000,0,0
tiny_large,homog,med,spread,10,0.00000,0.00000,0.00000,0,0
tiny_large,homog,med,tetris,10,0.00000,0.00000,0.00000,0,0
tiny_large,homog,med,wmatch,10,0.00000,0.00000,0.00000,0,0
